,Minutes5UTC,Minutes5DK,PriceArea,CO2Emission
0,2023-01-01T22:55:00,2023-01-01T23:55:00,DK1,68.0
1,2023-01-01T22:55:00,2023-01-01T23:55:00,DK2,68.0
2,2023-01-01T22:50:00,2023-01-01T23:50:00,DK1,67.0
3,2023-01-01T22:50:00,2023-01-01T23:50:00,DK2,67.0
4,2023-01-01T22:45:00,2023-01-01T23:45:00,DK1,66.0
5,2023-01-01T22:45:00,2023-01-01T23:45:00,DK2,66.0
6,2023-01-01T22:40:00,2023-01-01T23:40:00,DK1,64.0
7,2023-01-01T22:40:00,2023-01-01T23:40:00,DK2,64.0
8,2023-01-01T22:35:00,2023-01-01T23:35:00,DK1,64.0
9,2023-01-01T22:35:00,2023-01-01T23:35:00,DK2,64.0
10,2023-01-01T22:30:00,2023-01-01T23:30:00,DK1,63.0
11,2023-01-01T22:30:00,2023-01-01T23:30:00,DK2,63.0
12,2023-01-01T22:25:00,2023-01-01T23:25:00,DK1,63.0
13,2023-01-01T22:25:00,2023-01-01T23:25:00,DK2,63.0
14,2023-01-01T22:20:00,2023-01-01T23:20:00,DK1,62.0
15,2023-01-01T22:20:00,2023-01-01T23:20:00,DK2,62.0
16,2023-01-01T22:15:00,2023-01-01T23:15:00,DK1,62.0
17,2023-01-01T22:15:00,2023-01-01T23:15:00,DK2,62.0
18,2023-01-01T22:10:00,2023-01-01T23:10:00,DK1,62.0
19,2023-01-01T22:10:00,2023-01-01T23:10:00,DK2,62.0
20,2023-01-01T22:05:00,2023-01-01T23:05:00,DK1,62.0
21,2023-01-01T22:05:00,2023-01-01T23:05:00,DK2,62.0
22,2023-01-01T22:00:00,2023-01-01T23:00:00,DK1,62.0
23,2023-01-01T22:00:00,2023-01-01T23:00:00,DK2,62.0
24,2023-01-01T21:55:00,2023-01-01T22:55:00,DK1,62.0
25,2023-01-01T21:55:00,2023-01-01T22:55:00,DK2,62.0
26,2023-01-01T21:50:00,2023-01-01T22:50:00,DK1,62.0
27,2023-01-01T21:50:00,2023-01-01T22:50:00,DK2,62.0
28,2023-01-01T21:45:00,2023-01-01T22:45:00,DK1,61.0
29,2023-01-01T21:45:00,2023-01-01T22:45:00,DK2,61.0
30,2023-01-01T21:40:00,2023-01-01T22:40:00,DK1,61.0
31,2023-01-01T21:40:00,2023-01-01T22:40:00,DK2,61.0
32,2023-01-01T21:35:00,2023-01-01T22:35:00,DK1,60.0
33,2023-01-01T21:35:00,2023-01-01T22:35:00,DK2,60.0
34,2023-01-01T21:30:00,2023-01-01T22:30:00,DK1,61.0
35,2023-01-01T21:30:00,2023-01-01T22:30:00,DK2,61.0
36,2023-01-01T21:25:00,2023-01-01T22:25:00,DK1,61.0
37,2023-01-01T21:25:00,2023-01-01T22:25:00,DK2,61.0
38,2023-01-01T21:20:00,2023-01-01T22:20:00,DK1,61.0
39,2023-01-01T21:20:00,2023-01-01T22:20:00,DK2,61.0
40,2023-01-01T21:15:00,2023-01-01T22:15:00,DK1,61.0
41,2023-01-01T21:15:00,2023-01-01T22:15:00,DK2,61.0
42,2023-01-01T21:10:00,2023-01-01T22:10:00,DK1,61.0
43,2023-01-01T21:10:00,2023-01-01T22:10:00,DK2,61.0
44,2023-01-01T21:05:00,2023-01-01T22:05:00,DK1,60.0
45,2023-01-01T21:05:00,2023-01-01T22:05:00,DK2,60.0
46,2023-01-01T21:00:00,2023-01-01T22:00:00,DK1,61.0
47,2023-01-01T21:00:00,2023-01-01T22:00:00,DK2,61.0
48,2023-01-01T20:55:00,2023-01-01T21:55:00,DK1,63.0
49,2023-01-01T20:55:00,2023-01-01T21:55:00,DK2,63.0
50,2023-01-01T20:50:00,2023-01-01T21:50:00,DK1,63.0
51,2023-01-01T20:50:00,2023-01-01T21:50:00,DK2,63.0
52,2023-01-01T20:45:00,2023-01-01T21:45:00,DK1,63.0
53,2023-01-01T20:45:00,2023-01-01T21:45:00,DK2,63.0
54,2023-01-01T20:40:00,2023-01-01T21:40:00,DK1,63.0
55,2023-01-01T20:40:00,2023-01-01T21:40:00,DK2,63.0
56,2023-01-01T20:35:00,2023-01-01T21:35:00,DK1,62.0
57,2023-01-01T20:35:00,2023-01-01T21:35:00,DK2,62.0
58,2023-01-01T20:30:00,2023-01-01T21:30:00,DK1,62.0
59,2023-01-01T20:30:00,2023-01-01T21:30:00,DK2,62.0
60,2023-01-01T20:25:00,2023-01-01T21:25:00,DK1,62.0
61,2023-01-01T20:25:00,2023-01-01T21:25:00,DK2,62.0
62,2023-01-01T20:20:00,2023-01-01T21:20:00,DK1,62.0
63,2023-01-01T20:20:00,2023-01-01T21:20:00,DK2,62.0
64,2023-01-01T20:15:00,2023-01-01T21:15:00,DK1,61.0
65,2023-01-01T20:15:00,2023-01-01T21:15:00,DK2,61.0
66,2023-01-01T20:10:00,2023-01-01T21:10:00,DK1,61.0
67,2023-01-01T20:10:00,2023-01-01T21:10:00,DK2,61.0
68,2023-01-01T20:05:00,2023-01-01T21:05:00,DK1,62.0
69,2023-01-01T20:05:00,2023-01-01T21:05:00,DK2,62.0
70,2023-01-01T20:00:00,2023-01-01T21:00:00,DK1,62.0
71,2023-01-01T20:00:00,2023-01-01T21:00:00,DK2,62.0
72,2023-01-01T19:55:00,2023-01-01T20:55:00,DK1,63.0
73,2023-01-01T19:55:00,2023-01-01T20:55:00,DK2,63.0
74,2023-01-01T19:50:00,2023-01-01T20:50:00,DK1,63.0
75,2023-01-01T19:50:00,2023-01-01T20:50:00,DK2,63.0
76,2023-01-01T19:45:00,2023-01-01T20:45:00,DK1,63.0
77,2023-01-01T19:45:00,2023-01-01T20:45:00,DK2,63.0
78,2023-01-01T19:40:00,2023-01-01T20:40:00,DK1,62.0
79,2023-01-01T19:40:00,2023-01-01T20:40:00,DK2,62.0
80,2023-01-01T19:35:00,2023-01-01T20:35:00,DK1,62.0
81,2023-01-01T19:35:00,2023-01-01T20:35:00,DK2,62.0
82,2023-01-01T19:30:00,2023-01-01T20:30:00,DK1,61.0
83,2023-01-01T19:30:00,2023-01-01T20:30:00,DK2,61.0
84,2023-01-01T19:25:00,2023-01-01T20:25:00,DK1,61.0
85,2023-01-01T19:25:00,2023-01-01T20:25:00,DK2,61.0
86,2023-01-01T19:20:00,2023-01-01T20:20:00,DK1,61.0
87,2023-01-01T19:20:00,2023-01-01T20:20:00,DK2,61.0
88,2023-01-01T19:15:00,2023-01-01T20:15:00,DK1,61.0
89,2023-01-01T19:15:00,2023-01-01T20:15:00,DK2,61.0
90,2023-01-01T19:10:00,2023-01-01T20:10:00,DK1,61.0
91,2023-01-01T19:10:00,2023-01-01T20:10:00,DK2,61.0
92,2023-01-01T19:05:00,2023-01-01T20:05:00,DK1,60.0
93,2023-01-01T19:05:00,2023-01-01T20:05:00,DK2,60.0
94,2023-01-01T19:00:00,2023-01-01T20:00:00,DK1,60.0
95,2023-01-01T19:00:00,2023-01-01T20:00:00,DK2,60.0
96,2023-01-01T18:55:00,2023-01-01T19:55:00,DK1,63.0
97,2023-01-01T18:55:00,2023-01-01T19:55:00,DK2,63.0
98,2023-01-01T18:50:00,2023-01-01T19:50:00,DK1,62.0
99,2023-01-01T18:50:00,2023-01-01T19:50:00,DK2,62.0
100,2023-01-01T18:45:00,2023-01-01T19:45:00,DK1,61.0
101,2023-01-01T18:45:00,2023-01-01T19:45:00,DK2,61.0
102,2023-01-01T18:40:00,2023-01-01T19:40:00,DK1,62.0
103,2023-01-01T18:40:00,2023-01-01T19:40:00,DK2,62.0
104,2023-01-01T18:35:00,2023-01-01T19:35:00,DK1,61.0
105,2023-01-01T18:35:00,2023-01-01T19:35:00,DK2,61.0
106,2023-01-01T18:30:00,2023-01-01T19:30:00,DK1,61.0
107,2023-01-01T18:30:00,2023-01-01T19:30:00,DK2,61.0
108,2023-01-01T18:25:00,2023-01-01T19:25:00,DK1,62.0
109,2023-01-01T18:25:00,2023-01-01T19:25:00,DK2,62.0
110,2023-01-01T18:20:00,2023-01-01T19:20:00,DK1,62.0
111,2023-01-01T18:20:00,2023-01-01T19:20:00,DK2,62.0
112,2023-01-01T18:15:00,2023-01-01T19:15:00,DK1,62.0
113,2023-01-01T18:15:00,2023-01-01T19:15:00,DK2,62.0
114,2023-01-01T18:10:00,2023-01-01T19:10:00,DK1,62.0
115,2023-01-01T18:10:00,2023-01-01T19:10:00,DK2,62.0
116,2023-01-01T18:05:00,2023-01-01T19:05:00,DK1,63.0
117,2023-01-01T18:05:00,2023-01-01T19:05:00,DK2,63.0
118,2023-01-01T18:00:00,2023-01-01T19:00:00,DK1,64.0
119,2023-01-01T18:00:00,2023-01-01T19:00:00,DK2,64.0
120,2023-01-01T17:55:00,2023-01-01T18:55:00,DK1,65.0
121,2023-01-01T17:55:00,2023-01-01T18:55:00,DK2,65.0
122,2023-01-01T17:50:00,2023-01-01T18:50:00,DK1,67.0
123,2023-01-01T17:50:00,2023-01-01T18:50:00,DK2,67.0
124,2023-01-01T17:45:00,2023-01-01T18:45:00,DK1,68.0
125,2023-01-01T17:45:00,2023-01-01T18:45:00,DK2,68.0
126,2023-01-01T17:40:00,2023-01-01T18:40:00,DK1,72.0
127,2023-01-01T17:40:00,2023-01-01T18:40:00,DK2,72.0
128,2023-01-01T17:35:00,2023-01-01T18:35:00,DK1,75.0
129,2023-01-01T17:35:00,2023-01-01T18:35:00,DK2,75.0
130,2023-01-01T17:30:00,2023-01-01T18:30:00,DK1,80.0
131,2023-01-01T17:30:00,2023-01-01T18:30:00,DK2,80.0
132,2023-01-01T17:25:00,2023-01-01T18:25:00,DK1,83.0
133,2023-01-01T17:25:00,2023-01-01T18:25:00,DK2,83.0
134,2023-01-01T17:20:00,2023-01-01T18:20:00,DK1,84.0
135,2023-01-01T17:20:00,2023-01-01T18:20:00,DK2,84.0
136,2023-01-01T17:15:00,2023-01-01T18:15:00,DK1,83.0
137,2023-01-01T17:15:00,2023-01-01T18:15:00,DK2,83.0
138,2023-01-01T17:10:00,2023-01-01T18:10:00,DK1,86.0
139,2023-01-01T17:10:00,2023-01-01T18:10:00,DK2,86.0
140,2023-01-01T17:05:00,2023-01-01T18:05:00,DK1,86.0
141,2023-01-01T17:05:00,2023-01-01T18:05:00,DK2,86.0
142,2023-01-01T17:00:00,2023-01-01T18:00:00,DK1,84.0
143,2023-01-01T17:00:00,2023-01-01T18:00:00,DK2,84.0
144,2023-01-01T16:55:00,2023-01-01T17:55:00,DK1,82.0
145,2023-01-01T16:55:00,2023-01-01T17:55:00,DK2,82.0
146,2023-01-01T16:50:00,2023-01-01T17:50:00,DK1,81.0
147,2023-01-01T16:50:00,2023-01-01T17:50:00,DK2,81.0
148,2023-01-01T16:45:00,2023-01-01T17:45:00,DK1,80.0
149,2023-01-01T16:45:00,2023-01-01T17:45:00,DK2,80.0
150,2023-01-01T16:40:00,2023-01-01T17:40:00,DK1,79.0
151,2023-01-01T16:40:00,2023-01-01T17:40:00,DK2,79.0
152,2023-01-01T16:35:00,2023-01-01T17:35:00,DK1,77.0
153,2023-01-01T16:35:00,2023-01-01T17:35:00,DK2,77.0
154,2023-01-01T16:30:00,2023-01-01T17:30:00,DK1,73.0
155,2023-01-01T16:30:00,2023-01-01T17:30:00,DK2,73.0
156,2023-01-01T16:25:00,2023-01-01T17:25:00,DK1,68.0
157,2023-01-01T16:25:00,2023-01-01T17:25:00,DK2,68.0
158,2023-01-01T16:20:00,2023-01-01T17:20:00,DK1,68.0
159,2023-01-01T16:20:00,2023-01-01T17:20:00,DK2,68.0
160,2023-01-01T16:15:00,2023-01-01T17:15:00,DK1,66.0
161,2023-01-01T16:15:00,2023-01-01T17:15:00,DK2,66.0
162,2023-01-01T16:10:00,2023-01-01T17:10:00,DK1,65.0
163,2023-01-01T16:10:00,2023-01-01T17:10:00,DK2,65.0
164,2023-01-01T16:05:00,2023-01-01T17:05:00,DK1,63.0
165,2023-01-01T16:05:00,2023-01-01T17:05:00,DK2,63.0
166,2023-01-01T16:00:00,2023-01-01T17:00:00,DK1,60.0
167,2023-01-01T16:00:00,2023-01-01T17:00:00,DK2,60.0
168,2023-01-01T15:55:00,2023-01-01T16:55:00,DK1,58.0
169,2023-01-01T15:55:00,2023-01-01T16:55:00,DK2,58.0
170,2023-01-01T15:50:00,2023-01-01T16:50:00,DK1,56.0
171,2023-01-01T15:50:00,2023-01-01T16:50:00,DK2,56.0
172,2023-01-01T15:45:00,2023-01-01T16:45:00,DK1,55.0
173,2023-01-01T15:45:00,2023-01-01T16:45:00,DK2,55.0
174,2023-01-01T15:40:00,2023-01-01T16:40:00,DK1,54.0
175,2023-01-01T15:40:00,2023-01-01T16:40:00,DK2,54.0
176,2023-01-01T15:35:00,2023-01-01T16:35:00,DK1,53.0
177,2023-01-01T15:35:00,2023-01-01T16:35:00,DK2,53.0
178,2023-01-01T15:30:00,2023-01-01T16:30:00,DK1,53.0
179,2023-01-01T15:30:00,2023-01-01T16:30:00,DK2,53.0
180,2023-01-01T15:25:00,2023-01-01T16:25:00,DK1,53.0
181,2023-01-01T15:25:00,2023-01-01T16:25:00,DK2,53.0
182,2023-01-01T15:20:00,2023-01-01T16:20:00,DK1,53.0
183,2023-01-01T15:20:00,2023-01-01T16:20:00,DK2,53.0
184,2023-01-01T15:15:00,2023-01-01T16:15:00,DK1,53.0
185,2023-01-01T15:15:00,2023-01-01T16:15:00,DK2,53.0
186,2023-01-01T15:10:00,2023-01-01T16:10:00,DK1,52.0
187,2023-01-01T15:10:00,2023-01-01T16:10:00,DK2,52.0
188,2023-01-01T15:05:00,2023-01-01T16:05:00,DK1,52.0
189,2023-01-01T15:05:00,2023-01-01T16:05:00,DK2,52.0
190,2023-01-01T15:00:00,2023-01-01T16:00:00,DK1,52.0
191,2023-01-01T15:00:00,2023-01-01T16:00:00,DK2,52.0
192,2023-01-01T14:55:00,2023-01-01T15:55:00,DK1,50.0
193,2023-01-01T14:55:00,2023-01-01T15:55:00,DK2,50.0
194,2023-01-01T14:50:00,2023-01-01T15:50:00,DK1,50.0
195,2023-01-01T14:50:00,2023-01-01T15:50:00,DK2,50.0
196,2023-01-01T14:45:00,2023-01-01T15:45:00,DK1,50.0
197,2023-01-01T14:45:00,2023-01-01T15:45:00,DK2,50.0
198,2023-01-01T14:40:00,2023-01-01T15:40:00,DK1,50.0
199,2023-01-01T14:40:00,2023-01-01T15:40:00,DK2,50.0
200,2023-01-01T14:35:00,2023-01-01T15:35:00,DK1,51.0
201,2023-01-01T14:35:00,2023-01-01T15:35:00,DK2,51.0
202,2023-01-01T14:30:00,2023-01-01T15:30:00,DK1,50.0
203,2023-01-01T14:30:00,2023-01-01T15:30:00,DK2,50.0
204,2023-01-01T14:25:00,2023-01-01T15:25:00,DK1,50.0
205,2023-01-01T14:25:00,2023-01-01T15:25:00,DK2,50.0
206,2023-01-01T14:20:00,2023-01-01T15:20:00,DK1,50.0
207,2023-01-01T14:20:00,2023-01-01T15:20:00,DK2,50.0
208,2023-01-01T14:15:00,2023-01-01T15:15:00,DK1,49.0
209,2023-01-01T14:15:00,2023-01-01T15:15:00,DK2,49.0
210,2023-01-01T14:10:00,2023-01-01T15:10:00,DK1,49.0
211,2023-01-01T14:10:00,2023-01-01T15:10:00,DK2,49.0
212,2023-01-01T14:05:00,2023-01-01T15:05:00,DK1,47.0
213,2023-01-01T14:05:00,2023-01-01T15:05:00,DK2,47.0
214,2023-01-01T14:00:00,2023-01-01T15:00:00,DK1,47.0
215,2023-01-01T14:00:00,2023-01-01T15:00:00,DK2,47.0
216,2023-01-01T13:55:00,2023-01-01T14:55:00,DK1,46.0
217,2023-01-01T13:55:00,2023-01-01T14:55:00,DK2,46.0
218,2023-01-01T13:50:00,2023-01-01T14:50:00,DK1,46.0
219,2023-01-01T13:50:00,2023-01-01T14:50:00,DK2,46.0
220,2023-01-01T13:45:00,2023-01-01T14:45:00,DK1,45.0
221,2023-01-01T13:45:00,2023-01-01T14:45:00,DK2,45.0
222,2023-01-01T13:40:00,2023-01-01T14:40:00,DK1,45.0
223,2023-01-01T13:40:00,2023-01-01T14:40:00,DK2,45.0
224,2023-01-01T13:35:00,2023-01-01T14:35:00,DK1,45.0
225,2023-01-01T13:35:00,2023-01-01T14:35:00,DK2,45.0
226,2023-01-01T13:30:00,2023-01-01T14:30:00,DK1,45.0
227,2023-01-01T13:30:00,2023-01-01T14:30:00,DK2,45.0
228,2023-01-01T13:25:00,2023-01-01T14:25:00,DK1,45.0
229,2023-01-01T13:25:00,2023-01-01T14:25:00,DK2,45.0
230,2023-01-01T13:20:00,2023-01-01T14:20:00,DK1,47.0
231,2023-01-01T13:20:00,2023-01-01T14:20:00,DK2,47.0
232,2023-01-01T13:15:00,2023-01-01T14:15:00,DK1,47.0
233,2023-01-01T13:15:00,2023-01-01T14:15:00,DK2,47.0
234,2023-01-01T13:10:00,2023-01-01T14:10:00,DK1,47.0
235,2023-01-01T13:10:00,2023-01-01T14:10:00,DK2,47.0
236,2023-01-01T13:05:00,2023-01-01T14:05:00,DK1,47.0
237,2023-01-01T13:05:00,2023-01-01T14:05:00,DK2,47.0
238,2023-01-01T13:00:00,2023-01-01T14:00:00,DK1,53.0
239,2023-01-01T13:00:00,2023-01-01T14:00:00,DK2,53.0
240,2023-01-01T12:55:00,2023-01-01T13:55:00,DK1,56.0
241,2023-01-01T12:55:00,2023-01-01T13:55:00,DK2,56.0
242,2023-01-01T12:50:00,2023-01-01T13:50:00,DK1,57.0
243,2023-01-01T12:50:00,2023-01-01T13:50:00,DK2,57.0
244,2023-01-01T12:45:00,2023-01-01T13:45:00,DK1,60.0
245,2023-01-01T12:45:00,2023-01-01T13:45:00,DK2,60.0
246,2023-01-01T12:40:00,2023-01-01T13:40:00,DK1,58.0
247,2023-01-01T12:40:00,2023-01-01T13:40:00,DK2,58.0
248,2023-01-01T12:35:00,2023-01-01T13:35:00,DK1,57.0
249,2023-01-01T12:35:00,2023-01-01T13:35:00,DK2,57.0
250,2023-01-01T12:30:00,2023-01-01T13:30:00,DK1,57.0
251,2023-01-01T12:30:00,2023-01-01T13:30:00,DK2,57.0
252,2023-01-01T12:25:00,2023-01-01T13:25:00,DK1,57.0
253,2023-01-01T12:25:00,2023-01-01T13:25:00,DK2,57.0
254,2023-01-01T12:20:00,2023-01-01T13:20:00,DK1,58.0
255,2023-01-01T12:20:00,2023-01-01T13:20:00,DK2,58.0
256,2023-01-01T12:15:00,2023-01-01T13:15:00,DK1,56.0
257,2023-01-01T12:15:00,2023-01-01T13:15:00,DK2,56.0
258,2023-01-01T12:10:00,2023-01-01T13:10:00,DK1,52.0
259,2023-01-01T12:10:00,2023-01-01T13:10:00,DK2,52.0
260,2023-01-01T12:05:00,2023-01-01T13:05:00,DK1,49.0
261,2023-01-01T12:05:00,2023-01-01T13:05:00,DK2,49.0
262,2023-01-01T12:00:00,2023-01-01T13:00:00,DK1,39.0
263,2023-01-01T12:00:00,2023-01-01T13:00:00,DK2,39.0
264,2023-01-01T11:55:00,2023-01-01T12:55:00,DK1,35.0
265,2023-01-01T11:55:00,2023-01-01T12:55:00,DK2,35.0
266,2023-01-01T11:50:00,2023-01-01T12:50:00,DK1,36.0
267,2023-01-01T11:50:00,2023-01-01T12:50:00,DK2,36.0
268,2023-01-01T11:45:00,2023-01-01T12:45:00,DK1,36.0
269,2023-01-01T11:45:00,2023-01-01T12:45:00,DK2,36.0
270,2023-01-01T11:40:00,2023-01-01T12:40:00,DK1,35.0
271,2023-01-01T11:40:00,2023-01-01T12:40:00,DK2,35.0
272,2023-01-01T11:35:00,2023-01-01T12:35:00,DK1,36.0
273,2023-01-01T11:35:00,2023-01-01T12:35:00,DK2,36.0
274,2023-01-01T11:30:00,2023-01-01T12:30:00,DK1,37.0
275,2023-01-01T11:30:00,2023-01-01T12:30:00,DK2,37.0
276,2023-01-01T11:25:00,2023-01-01T12:25:00,DK1,36.0
277,2023-01-01T11:25:00,2023-01-01T12:25:00,DK2,36.0
278,2023-01-01T11:20:00,2023-01-01T12:20:00,DK1,36.0
279,2023-01-01T11:20:00,2023-01-01T12:20:00,DK2,36.0
280,2023-01-01T11:15:00,2023-01-01T12:15:00,DK1,37.0
281,2023-01-01T11:15:00,2023-01-01T12:15:00,DK2,37.0
282,2023-01-01T11:10:00,2023-01-01T12:10:00,DK1,37.0
283,2023-01-01T11:10:00,2023-01-01T12:10:00,DK2,37.0
284,2023-01-01T11:05:00,2023-01-01T12:05:00,DK1,38.0
285,2023-01-01T11:05:00,2023-01-01T12:05:00,DK2,38.0
286,2023-01-01T11:00:00,2023-01-01T12:00:00,DK1,39.0
287,2023-01-01T11:00:00,2023-01-01T12:00:00,DK2,39.0
288,2023-01-01T10:55:00,2023-01-01T11:55:00,DK1,39.0
289,2023-01-01T10:55:00,2023-01-01T11:55:00,DK2,39.0
290,2023-01-01T10:50:00,2023-01-01T11:50:00,DK1,39.0
291,2023-01-01T10:50:00,2023-01-01T11:50:00,DK2,39.0
292,2023-01-01T10:45:00,2023-01-01T11:45:00,DK1,39.0
293,2023-01-01T10:45:00,2023-01-01T11:45:00,DK2,39.0
294,2023-01-01T10:40:00,2023-01-01T11:40:00,DK1,39.0
295,2023-01-01T10:40:00,2023-01-01T11:40:00,DK2,39.0
296,2023-01-01T10:35:00,2023-01-01T11:35:00,DK1,39.0
297,2023-01-01T10:35:00,2023-01-01T11:35:00,DK2,39.0
298,2023-01-01T10:30:00,2023-01-01T11:30:00,DK1,39.0
299,2023-01-01T10:30:00,2023-01-01T11:30:00,DK2,39.0
300,2023-01-01T10:25:00,2023-01-01T11:25:00,DK1,38.0
301,2023-01-01T10:25:00,2023-01-01T11:25:00,DK2,38.0
302,2023-01-01T10:20:00,2023-01-01T11:20:00,DK1,38.0
303,2023-01-01T10:20:00,2023-01-01T11:20:00,DK2,38.0
304,2023-01-01T10:15:00,2023-01-01T11:15:00,DK1,38.0
305,2023-01-01T10:15:00,2023-01-01T11:15:00,DK2,38.0
306,2023-01-01T10:10:00,2023-01-01T11:10:00,DK1,38.0
307,2023-01-01T10:10:00,2023-01-01T11:10:00,DK2,38.0
308,2023-01-01T10:05:00,2023-01-01T11:05:00,DK1,39.0
309,2023-01-01T10:05:00,2023-01-01T11:05:00,DK2,39.0
310,2023-01-01T10:00:00,2023-01-01T11:00:00,DK1,38.0
311,2023-01-01T10:00:00,2023-01-01T11:00:00,DK2,38.0
312,2023-01-01T09:55:00,2023-01-01T10:55:00,DK1,37.0
313,2023-01-01T09:55:00,2023-01-01T10:55:00,DK2,37.0
314,2023-01-01T09:50:00,2023-01-01T10:50:00,DK1,37.0
315,2023-01-01T09:50:00,2023-01-01T10:50:00,DK2,37.0
316,2023-01-01T09:45:00,2023-01-01T10:45:00,DK1,38.0
317,2023-01-01T09:45:00,2023-01-01T10:45:00,DK2,38.0
318,2023-01-01T09:40:00,2023-01-01T10:40:00,DK1,38.0
319,2023-01-01T09:40:00,2023-01-01T10:40:00,DK2,38.0
320,2023-01-01T09:35:00,2023-01-01T10:35:00,DK1,38.0
321,2023-01-01T09:35:00,2023-01-01T10:35:00,DK2,38.0
322,2023-01-01T09:30:00,2023-01-01T10:30:00,DK1,38.0
323,2023-01-01T09:30:00,2023-01-01T10:30:00,DK2,38.0
324,2023-01-01T09:25:00,2023-01-01T10:25:00,DK1,38.0
325,2023-01-01T09:25:00,2023-01-01T10:25:00,DK2,38.0
326,2023-01-01T09:20:00,2023-01-01T10:20:00,DK1,39.0
327,2023-01-01T09:20:00,2023-01-01T10:20:00,DK2,39.0
328,2023-01-01T09:15:00,2023-01-01T10:15:00,DK1,39.0
329,2023-01-01T09:15:00,2023-01-01T10:15:00,DK2,39.0
330,2023-01-01T09:10:00,2023-01-01T10:10:00,DK1,40.0
331,2023-01-01T09:10:00,2023-01-01T10:10:00,DK2,40.0
332,2023-01-01T09:05:00,2023-01-01T10:05:00,DK1,41.0
333,2023-01-01T09:05:00,2023-01-01T10:05:00,DK2,41.0
334,2023-01-01T09:00:00,2023-01-01T10:00:00,DK1,43.0
335,2023-01-01T09:00:00,2023-01-01T10:00:00,DK2,43.0
336,2023-01-01T08:55:00,2023-01-01T09:55:00,DK1,44.0
337,2023-01-01T08:55:00,2023-01-01T09:55:00,DK2,44.0
338,2023-01-01T08:50:00,2023-01-01T09:50:00,DK1,45.0
339,2023-01-01T08:50:00,2023-01-01T09:50:00,DK2,45.0
340,2023-01-01T08:45:00,2023-01-01T09:45:00,DK1,44.0
341,2023-01-01T08:45:00,2023-01-01T09:45:00,DK2,44.0
342,2023-01-01T08:40:00,2023-01-01T09:40:00,DK1,43.0
343,2023-01-01T08:40:00,2023-01-01T09:40:00,DK2,43.0
344,2023-01-01T08:35:00,2023-01-01T09:35:00,DK1,43.0
345,2023-01-01T08:35:00,2023-01-01T09:35:00,DK2,43.0
346,2023-01-01T08:30:00,2023-01-01T09:30:00,DK1,43.0
347,2023-01-01T08:30:00,2023-01-01T09:30:00,DK2,43.0
348,2023-01-01T08:25:00,2023-01-01T09:25:00,DK1,43.0
349,2023-01-01T08:25:00,2023-01-01T09:25:00,DK2,43.0
350,2023-01-01T08:20:00,2023-01-01T09:20:00,DK1,43.0
351,2023-01-01T08:20:00,2023-01-01T09:20:00,DK2,43.0
352,2023-01-01T08:15:00,2023-01-01T09:15:00,DK1,43.0
353,2023-01-01T08:15:00,2023-01-01T09:15:00,DK2,43.0
354,2023-01-01T08:10:00,2023-01-01T09:10:00,DK1,44.0
355,2023-01-01T08:10:00,2023-01-01T09:10:00,DK2,44.0
356,2023-01-01T08:05:00,2023-01-01T09:05:00,DK1,47.0
357,2023-01-01T08:05:00,2023-01-01T09:05:00,DK2,47.0
358,2023-01-01T08:00:00,2023-01-01T09:00:00,DK1,48.0
359,2023-01-01T08:00:00,2023-01-01T09:00:00,DK2,48.0
360,2023-01-01T07:55:00,2023-01-01T08:55:00,DK1,49.0
361,2023-01-01T07:55:00,2023-01-01T08:55:00,DK2,49.0
362,2023-01-01T07:50:00,2023-01-01T08:50:00,DK1,48.0
363,2023-01-01T07:50:00,2023-01-01T08:50:00,DK2,48.0
364,2023-01-01T07:45:00,2023-01-01T08:45:00,DK1,49.0
365,2023-01-01T07:45:00,2023-01-01T08:45:00,DK2,49.0
366,2023-01-01T07:40:00,2023-01-01T08:40:00,DK1,49.0
367,2023-01-01T07:40:00,2023-01-01T08:40:00,DK2,49.0
368,2023-01-01T07:35:00,2023-01-01T08:35:00,DK1,50.0
369,2023-01-01T07:35:00,2023-01-01T08:35:00,DK2,50.0
370,2023-01-01T07:30:00,2023-01-01T08:30:00,DK1,50.0
371,2023-01-01T07:30:00,2023-01-01T08:30:00,DK2,50.0
372,2023-01-01T07:25:00,2023-01-01T08:25:00,DK1,50.0
373,2023-01-01T07:25:00,2023-01-01T08:25:00,DK2,50.0
374,2023-01-01T07:20:00,2023-01-01T08:20:00,DK1,51.0
375,2023-01-01T07:20:00,2023-01-01T08:20:00,DK2,51.0
376,2023-01-01T07:15:00,2023-01-01T08:15:00,DK1,62.0
377,2023-01-01T07:15:00,2023-01-01T08:15:00,DK2,62.0
378,2023-01-01T07:10:00,2023-01-01T08:10:00,DK1,68.0
379,2023-01-01T07:10:00,2023-01-01T08:10:00,DK2,68.0
380,2023-01-01T07:05:00,2023-01-01T08:05:00,DK1,71.0
381,2023-01-01T07:05:00,2023-01-01T08:05:00,DK2,71.0
382,2023-01-01T07:00:00,2023-01-01T08:00:00,DK1,78.0
383,2023-01-01T07:00:00,2023-01-01T08:00:00,DK2,78.0
384,2023-01-01T06:55:00,2023-01-01T07:55:00,DK1,100.0
385,2023-01-01T06:55:00,2023-01-01T07:55:00,DK2,100.0
386,2023-01-01T06:50:00,2023-01-01T07:50:00,DK1,104.0
387,2023-01-01T06:50:00,2023-01-01T07:50:00,DK2,104.0
388,2023-01-01T06:45:00,2023-01-01T07:45:00,DK1,124.0
389,2023-01-01T06:45:00,2023-01-01T07:45:00,DK2,124.0
390,2023-01-01T06:40:00,2023-01-01T07:40:00,DK1,130.0
391,2023-01-01T06:40:00,2023-01-01T07:40:00,DK2,130.0
392,2023-01-01T06:35:00,2023-01-01T07:35:00,DK1,130.0
393,2023-01-01T06:35:00,2023-01-01T07:35:00,DK2,130.0
394,2023-01-01T06:30:00,2023-01-01T07:30:00,DK1,131.0
395,2023-01-01T06:30:00,2023-01-01T07:30:00,DK2,131.0
396,2023-01-01T06:25:00,2023-01-01T07:25:00,DK1,130.0
397,2023-01-01T06:25:00,2023-01-01T07:25:00,DK2,130.0
398,2023-01-01T06:20:00,2023-01-01T07:20:00,DK1,140.0
399,2023-01-01T06:20:00,2023-01-01T07:20:00,DK2,140.0
400,2023-01-01T06:15:00,2023-01-01T07:15:00,DK1,144.0
401,2023-01-01T06:15:00,2023-01-01T07:15:00,DK2,144.0
402,2023-01-01T06:10:00,2023-01-01T07:10:00,DK1,145.0
403,2023-01-01T06:10:00,2023-01-01T07:10:00,DK2,145.0
404,2023-01-01T06:05:00,2023-01-01T07:05:00,DK1,147.0
405,2023-01-01T06:05:00,2023-01-01T07:05:00,DK2,147.0
406,2023-01-01T06:00:00,2023-01-01T07:00:00,DK1,149.0
407,2023-01-01T06:00:00,2023-01-01T07:00:00,DK2,149.0
408,2023-01-01T05:55:00,2023-01-01T06:55:00,DK1,153.0
409,2023-01-01T05:55:00,2023-01-01T06:55:00,DK2,153.0
410,2023-01-01T05:50:00,2023-01-01T06:50:00,DK1,156.0
411,2023-01-01T05:50:00,2023-01-01T06:50:00,DK2,156.0
412,2023-01-01T05:45:00,2023-01-01T06:45:00,DK1,161.0
413,2023-01-01T05:45:00,2023-01-01T06:45:00,DK2,161.0
414,2023-01-01T05:40:00,2023-01-01T06:40:00,DK1,163.0
415,2023-01-01T05:40:00,2023-01-01T06:40:00,DK2,163.0
416,2023-01-01T05:35:00,2023-01-01T06:35:00,DK1,164.0
417,2023-01-01T05:35:00,2023-01-01T06:35:00,DK2,164.0
418,2023-01-01T05:30:00,2023-01-01T06:30:00,DK1,169.0
419,2023-01-01T05:30:00,2023-01-01T06:30:00,DK2,169.0
420,2023-01-01T05:25:00,2023-01-01T06:25:00,DK1,171.0
421,2023-01-01T05:25:00,2023-01-01T06:25:00,DK2,171.0
422,2023-01-01T05:20:00,2023-01-01T06:20:00,DK1,173.0
423,2023-01-01T05:20:00,2023-01-01T06:20:00,DK2,173.0
424,2023-01-01T05:15:00,2023-01-01T06:15:00,DK1,170.0
425,2023-01-01T05:15:00,2023-01-01T06:15:00,DK2,170.0
426,2023-01-01T05:10:00,2023-01-01T06:10:00,DK1,169.0
427,2023-01-01T05:10:00,2023-01-01T06:10:00,DK2,169.0
428,2023-01-01T05:05:00,2023-01-01T06:05:00,DK1,168.0
429,2023-01-01T05:05:00,2023-01-01T06:05:00,DK2,168.0
430,2023-01-01T05:00:00,2023-01-01T06:00:00,DK1,164.0
431,2023-01-01T05:00:00,2023-01-01T06:00:00,DK2,164.0
432,2023-01-01T04:55:00,2023-01-01T05:55:00,DK1,163.0
433,2023-01-01T04:55:00,2023-01-01T05:55:00,DK2,163.0
434,2023-01-01T04:50:00,2023-01-01T05:50:00,DK1,164.0
435,2023-01-01T04:50:00,2023-01-01T05:50:00,DK2,164.0
436,2023-01-01T04:45:00,2023-01-01T05:45:00,DK1,162.0
437,2023-01-01T04:45:00,2023-01-01T05:45:00,DK2,162.0
438,2023-01-01T04:40:00,2023-01-01T05:40:00,DK1,162.0
439,2023-01-01T04:40:00,2023-01-01T05:40:00,DK2,162.0
440,2023-01-01T04:35:00,2023-01-01T05:35:00,DK1,158.0
441,2023-01-01T04:35:00,2023-01-01T05:35:00,DK2,158.0
442,2023-01-01T04:30:00,2023-01-01T05:30:00,DK1,159.0
443,2023-01-01T04:30:00,2023-01-01T05:30:00,DK2,159.0
444,2023-01-01T04:25:00,2023-01-01T05:25:00,DK1,158.0
445,2023-01-01T04:25:00,2023-01-01T05:25:00,DK2,158.0
446,2023-01-01T04:20:00,2023-01-01T05:20:00,DK1,160.0
447,2023-01-01T04:20:00,2023-01-01T05:20:00,DK2,160.0
448,2023-01-01T04:15:00,2023-01-01T05:15:00,DK1,160.0
449,2023-01-01T04:15:00,2023-01-01T05:15:00,DK2,160.0
450,2023-01-01T04:10:00,2023-01-01T05:10:00,DK1,163.0
451,2023-01-01T04:10:00,2023-01-01T05:10:00,DK2,163.0
452,2023-01-01T04:05:00,2023-01-01T05:05:00,DK1,164.0
453,2023-01-01T04:05:00,2023-01-01T05:05:00,DK2,164.0
454,2023-01-01T04:00:00,2023-01-01T05:00:00,DK1,175.0
455,2023-01-01T04:00:00,2023-01-01T05:00:00,DK2,175.0
456,2023-01-01T03:55:00,2023-01-01T04:55:00,DK1,155.0
457,2023-01-01T03:55:00,2023-01-01T04:55:00,DK2,155.0
458,2023-01-01T03:50:00,2023-01-01T04:50:00,DK1,152.0
459,2023-01-01T03:50:00,2023-01-01T04:50:00,DK2,152.0
460,2023-01-01T03:45:00,2023-01-01T04:45:00,DK1,150.0
461,2023-01-01T03:45:00,2023-01-01T04:45:00,DK2,150.0
462,2023-01-01T03:40:00,2023-01-01T04:40:00,DK1,149.0
463,2023-01-01T03:40:00,2023-01-01T04:40:00,DK2,149.0
464,2023-01-01T03:35:00,2023-01-01T04:35:00,DK1,150.0
465,2023-01-01T03:35:00,2023-01-01T04:35:00,DK2,150.0
466,2023-01-01T03:30:00,2023-01-01T04:30:00,DK1,153.0
467,2023-01-01T03:30:00,2023-01-01T04:30:00,DK2,153.0
468,2023-01-01T03:25:00,2023-01-01T04:25:00,DK1,152.0
469,2023-01-01T03:25:00,2023-01-01T04:25:00,DK2,152.0
470,2023-01-01T03:20:00,2023-01-01T04:20:00,DK1,153.0
471,2023-01-01T03:20:00,2023-01-01T04:20:00,DK2,153.0
472,2023-01-01T03:15:00,2023-01-01T04:15:00,DK1,152.0
473,2023-01-01T03:15:00,2023-01-01T04:15:00,DK2,152.0
474,2023-01-01T03:10:00,2023-01-01T04:10:00,DK1,151.0
475,2023-01-01T03:10:00,2023-01-01T04:10:00,DK2,151.0
476,2023-01-01T03:05:00,2023-01-01T04:05:00,DK1,147.0
477,2023-01-01T03:05:00,2023-01-01T04:05:00,DK2,147.0
478,2023-01-01T03:00:00,2023-01-01T04:00:00,DK1,138.0
479,2023-01-01T03:00:00,2023-01-01T04:00:00,DK2,138.0
480,2023-01-01T02:55:00,2023-01-01T03:55:00,DK1,140.0
481,2023-01-01T02:55:00,2023-01-01T03:55:00,DK2,140.0
482,2023-01-01T02:50:00,2023-01-01T03:50:00,DK1,143.0
483,2023-01-01T02:50:00,2023-01-01T03:50:00,DK2,143.0
484,2023-01-01T02:45:00,2023-01-01T03:45:00,DK1,144.0
485,2023-01-01T02:45:00,2023-01-01T03:45:00,DK2,144.0
486,2023-01-01T02:40:00,2023-01-01T03:40:00,DK1,143.0
487,2023-01-01T02:40:00,2023-01-01T03:40:00,DK2,143.0
488,2023-01-01T02:35:00,2023-01-01T03:35:00,DK1,144.0
489,2023-01-01T02:35:00,2023-01-01T03:35:00,DK2,144.0
490,2023-01-01T02:30:00,2023-01-01T03:30:00,DK1,144.0
491,2023-01-01T02:30:00,2023-01-01T03:30:00,DK2,144.0
492,2023-01-01T02:25:00,2023-01-01T03:25:00,DK1,146.0
493,2023-01-01T02:25:00,2023-01-01T03:25:00,DK2,146.0
494,2023-01-01T02:20:00,2023-01-01T03:20:00,DK1,148.0
495,2023-01-01T02:20:00,2023-01-01T03:20:00,DK2,148.0
496,2023-01-01T02:15:00,2023-01-01T03:15:00,DK1,151.0
497,2023-01-01T02:15:00,2023-01-01T03:15:00,DK2,151.0
498,2023-01-01T02:10:00,2023-01-01T03:10:00,DK1,150.0
499,2023-01-01T02:10:00,2023-01-01T03:10:00,DK2,150.0
500,2023-01-01T02:05:00,2023-01-01T03:05:00,DK1,149.0
501,2023-01-01T02:05:00,2023-01-01T03:05:00,DK2,149.0
502,2023-01-01T02:00:00,2023-01-01T03:00:00,DK1,143.0
503,2023-01-01T02:00:00,2023-01-01T03:00:00,DK2,143.0
504,2023-01-01T01:55:00,2023-01-01T02:55:00,DK1,144.0
505,2023-01-01T01:55:00,2023-01-01T02:55:00,DK2,144.0
506,2023-01-01T01:50:00,2023-01-01T02:50:00,DK1,146.0
507,2023-01-01T01:50:00,2023-01-01T02:50:00,DK2,146.0
508,2023-01-01T01:45:00,2023-01-01T02:45:00,DK1,145.0
509,2023-01-01T01:45:00,2023-01-01T02:45:00,DK2,145.0
510,2023-01-01T01:40:00,2023-01-01T02:40:00,DK1,148.0
511,2023-01-01T01:40:00,2023-01-01T02:40:00,DK2,148.0
512,2023-01-01T01:35:00,2023-01-01T02:35:00,DK1,151.0
513,2023-01-01T01:35:00,2023-01-01T02:35:00,DK2,151.0
514,2023-01-01T01:30:00,2023-01-01T02:30:00,DK1,153.0
515,2023-01-01T01:30:00,2023-01-01T02:30:00,DK2,153.0
516,2023-01-01T01:25:00,2023-01-01T02:25:00,DK1,153.0
517,2023-01-01T01:25:00,2023-01-01T02:25:00,DK2,153.0
518,2023-01-01T01:20:00,2023-01-01T02:20:00,DK1,156.0
519,2023-01-01T01:20:00,2023-01-01T02:20:00,DK2,156.0
520,2023-01-01T01:15:00,2023-01-01T02:15:00,DK1,166.0
521,2023-01-01T01:15:00,2023-01-01T02:15:00,DK2,166.0
522,2023-01-01T01:10:00,2023-01-01T02:10:00,DK1,167.0
523,2023-01-01T01:10:00,2023-01-01T02:10:00,DK2,167.0
524,2023-01-01T01:05:00,2023-01-01T02:05:00,DK1,166.0
525,2023-01-01T01:05:00,2023-01-01T02:05:00,DK2,166.0
526,2023-01-01T01:00:00,2023-01-01T02:00:00,DK1,152.0
527,2023-01-01T01:00:00,2023-01-01T02:00:00,DK2,152.0
528,2023-01-01T00:55:00,2023-01-01T01:55:00,DK1,122.0
529,2023-01-01T00:55:00,2023-01-01T01:55:00,DK2,122.0
530,2023-01-01T00:50:00,2023-01-01T01:50:00,DK1,121.0
531,2023-01-01T00:50:00,2023-01-01T01:50:00,DK2,121.0
532,2023-01-01T00:45:00,2023-01-01T01:45:00,DK1,124.0
533,2023-01-01T00:45:00,2023-01-01T01:45:00,DK2,124.0
534,2023-01-01T00:40:00,2023-01-01T01:40:00,DK1,131.0
535,2023-01-01T00:40:00,2023-01-01T01:40:00,DK2,131.0
536,2023-01-01T00:35:00,2023-01-01T01:35:00,DK1,137.0
537,2023-01-01T00:35:00,2023-01-01T01:35:00,DK2,137.0
538,2023-01-01T00:30:00,2023-01-01T01:30:00,DK1,132.0
539,2023-01-01T00:30:00,2023-01-01T01:30:00,DK2,132.0
540,2023-01-01T00:25:00,2023-01-01T01:25:00,DK1,136.0
541,2023-01-01T00:25:00,2023-01-01T01:25:00,DK2,136.0
542,2023-01-01T00:20:00,2023-01-01T01:20:00,DK1,145.0
543,2023-01-01T00:20:00,2023-01-01T01:20:00,DK2,145.0
544,2023-01-01T00:15:00,2023-01-01T01:15:00,DK1,152.0
545,2023-01-01T00:15:00,2023-01-01T01:15:00,DK2,152.0
546,2023-01-01T00:10:00,2023-01-01T01:10:00,DK1,155.0
547,2023-01-01T00:10:00,2023-01-01T01:10:00,DK2,155.0
548,2023-01-01T00:05:00,2023-01-01T01:05:00,DK1,160.0
549,2023-01-01T00:05:00,2023-01-01T01:05:00,DK2,160.0
550,2023-01-01T00:00:00,2023-01-01T01:00:00,DK1,168.0
551,2023-01-01T00:00:00,2023-01-01T01:00:00,DK2,168.0
552,2022-12-31T23:55:00,2023-01-01T00:55:00,DK1,174.0
553,2022-12-31T23:55:00,2023-01-01T00:55:00,DK2,174.0
554,2022-12-31T23:50:00,2023-01-01T00:50:00,DK1,180.0
555,2022-12-31T23:50:00,2023-01-01T00:50:00,DK2,180.0
556,2022-12-31T23:45:00,2023-01-01T00:45:00,DK1,182.0
557,2022-12-31T23:45:00,2023-01-01T00:45:00,DK2,182.0
558,2022-12-31T23:40:00,2023-01-01T00:40:00,DK1,191.0
559,2022-12-31T23:40:00,2023-01-01T00:40:00,DK2,191.0
560,2022-12-31T23:35:00,2023-01-01T00:35:00,DK1,196.0
561,2022-12-31T23:35:00,2023-01-01T00:35:00,DK2,196.0
562,2022-12-31T23:30:00,2023-01-01T00:30:00,DK1,203.0
563,2022-12-31T23:30:00,2023-01-01T00:30:00,DK2,203.0
564,2022-12-31T23:25:00,2023-01-01T00:25:00,DK1,207.0
565,2022-12-31T23:25:00,2023-01-01T00:25:00,DK2,207.0
566,2022-12-31T23:20:00,2023-01-01T00:20:00,DK1,212.0
567,2022-12-31T23:20:00,2023-01-01T00:20:00,DK2,212.0
568,2022-12-31T23:15:00,2023-01-01T00:15:00,DK1,220.0
569,2022-12-31T23:15:00,2023-01-01T00:15:00,DK2,220.0
570,2022-12-31T23:10:00,2023-01-01T00:10:00,DK1,222.0
571,2022-12-31T23:10:00,2023-01-01T00:10:00,DK2,222.0
572,2022-12-31T23:05:00,2023-01-01T00:05:00,DK1,224.0
573,2022-12-31T23:05:00,2023-01-01T00:05:00,DK2,224.0
574,2022-12-31T23:00:00,2023-01-01T00:00:00,DK1,227.0
575,2022-12-31T23:00:00,2023-01-01T00:00:00,DK2,227.0
