,HourUTC,HourDK,PriceArea,ConnectedArea,ReportGrpCode,Version,ReportGrp,SharePPM,ShareMWh,CO2Emission
0,2023-01-01T22:00:00,2023-01-01T23:00:00,DK1,DK1,R01-1,Preliminary,BioGas,9905,49.60009,0.0
1,2023-01-01T22:00:00,2023-01-01T23:00:00,DK1,DK1,R01-2,Preliminary,Straw,7405,37.082892,0.0
2,2023-01-01T22:00:00,2023-01-01T23:00:00,DK1,DK1,R01-3,Preliminary,Wood,14103,70.624269,0.0
3,2023-01-01T22:00:00,2023-01-01T23:00:00,DK1,DK1,R04x,Preliminary,FossilGas,5006,25.067808,9384.795768
4,2023-01-01T22:00:00,2023-01-01T23:00:00,DK1,DK1,R05x,Preliminary,Coal,38169,191.131384,137473.706473
5,2023-01-01T22:00:00,2023-01-01T23:00:00,DK1,DK1,R06x,Preliminary,Fossil Oil,813,4.072854,2735.594804
6,2023-01-01T22:00:00,2023-01-01T23:00:00,DK1,DK1,R11x,Preliminary,Hydro,641,3.211507,0.0
7,2023-01-01T22:00:00,2023-01-01T23:00:00,DK1,DK1,R16,Preliminary,Solar,18,0.094531,0.0
8,2023-01-01T22:00:00,2023-01-01T23:00:00,DK1,DK1,R17,Preliminary,Waste,11340,56.785682,19227.112079
9,2023-01-01T22:00:00,2023-01-01T23:00:00,DK1,DK1,R18,Preliminary,WindOffshore,178472,893.684921,0.0
10,2023-01-01T22:00:00,2023-01-01T23:00:00,DK1,DK1,R19,Preliminary,WindOnshore,256629,1285.049667,0.0
11,2023-01-01T22:00:00,2023-01-01T23:00:00,DK1,DK2,R01-1,Preliminary,BioGas,372,1.865302,0.0
12,2023-01-01T22:00:00,2023-01-01T23:00:00,DK1,DK2,R01-2,Preliminary,Straw,1427,7.147583,0.0
13,2023-01-01T22:00:00,2023-01-01T23:00:00,DK1,DK2,R01-3,Preliminary,Wood,16526,82.753175,0.0
14,2023-01-01T22:00:00,2023-01-01T23:00:00,DK1,DK2,R04x,Preliminary,FossilGas,207,1.040073,435.431058
15,2023-01-01T22:00:00,2023-01-01T23:00:00,DK1,DK2,R05x,Preliminary,Coal,0,0.003055,2.782549
16,2023-01-01T22:00:00,2023-01-01T23:00:00,DK1,DK2,R06x,Preliminary,Fossil Oil,102,0.514381,406.131849
17,2023-01-01T22:00:00,2023-01-01T23:00:00,DK1,DK2,R16,Preliminary,Solar,2,0.012957,0.0
18,2023-01-01T22:00:00,2023-01-01T23:00:00,DK1,DK2,R17,Preliminary,Waste,3785,18.953703,7029.453509
19,2023-01-01T22:00:00,2023-01-01T23:00:00,DK1,DK2,R18,Preliminary,WindOffshore,37890,189.735281,0.0
20,2023-01-01T22:00:00,2023-01-01T23:00:00,DK1,DK2,R19,Preliminary,WindOnshore,13721,68.707427,0.0
21,2023-01-01T22:00:00,2023-01-01T23:00:00,DK1,GE,R01,Preliminary,Biomass,37962,190.094788,0.0
22,2023-01-01T22:00:00,2023-01-01T23:00:00,DK1,GE,R02,Preliminary,Brown coal,39261,196.600427,184102.831739
23,2023-01-01T22:00:00,2023-01-01T23:00:00,DK1,GE,R04x,Preliminary,Fossil gas,20313,101.718604,56245.011913
24,2023-01-01T22:00:00,2023-01-01T23:00:00,DK1,GE,R05x,Preliminary,Coal,15921,79.723379,74655.483387
25,2023-01-01T22:00:00,2023-01-01T23:00:00,DK1,GE,R06x,Preliminary,Fossil oil a.o.,1666,8.343014,6582.62831
26,2023-01-01T22:00:00,2023-01-01T23:00:00,DK1,GE,R11x,Preliminary,Hydro,20627,103.288926,
27,2023-01-01T22:00:00,2023-01-01T23:00:00,DK1,GE,R14,Preliminary,Nuclear,20996,105.136994,
28,2023-01-01T22:00:00,2023-01-01T23:00:00,DK1,GE,R15x,Preliminary,Other renewable,1109,5.554898,
29,2023-01-01T22:00:00,2023-01-01T23:00:00,DK1,GE,R17,Preliminary,Waste,6323,31.662878,13414.199753
30,2023-01-01T22:00:00,2023-01-01T23:00:00,DK1,GE,R18,Preliminary,Offshore,40356,202.080542,
31,2023-01-01T22:00:00,2023-01-01T23:00:00,DK1,GE,R19,Preliminary,Onshore,155590,779.105551,
32,2023-01-01T22:00:00,2023-01-01T23:00:00,DK1,SE,R06x,Preliminary,Fossil oil a.o.,2129,10.663558,8680.920847
33,2023-01-01T22:00:00,2023-01-01T23:00:00,DK1,SE,R11x,Preliminary,Hydro,14103,70.62184,
34,2023-01-01T22:00:00,2023-01-01T23:00:00,DK1,SE,R14,Preliminary,Nuclear,14030,70.258309,
35,2023-01-01T22:00:00,2023-01-01T23:00:00,DK1,SE,R19,Preliminary,Onshore,13065,65.423355,
36,2023-01-01T22:00:00,2023-01-01T23:00:00,DK2,DK2,R01-1,Preliminary,BioGas,3173,7.516847,0.0
37,2023-01-01T22:00:00,2023-01-01T23:00:00,DK2,DK2,R01-2,Preliminary,Straw,12161,28.803531,0.0
38,2023-01-01T22:00:00,2023-01-01T23:00:00,DK2,DK2,R01-3,Preliminary,Wood,140808,333.48108,0.0
39,2023-01-01T22:00:00,2023-01-01T23:00:00,DK2,DK2,R04x,Preliminary,FossilGas,1769,4.191314,1754.712376
40,2023-01-01T22:00:00,2023-01-01T23:00:00,DK2,DK2,R05x,Preliminary,Coal,5,0.01231,11.213194
41,2023-01-01T22:00:00,2023-01-01T23:00:00,DK2,DK2,R06x,Preliminary,Fossil Oil,875,2.072866,1636.641596
42,2023-01-01T22:00:00,2023-01-01T23:00:00,DK2,DK2,R16,Preliminary,Solar,22,0.052215,0.0
43,2023-01-01T22:00:00,2023-01-01T23:00:00,DK2,DK2,R17,Preliminary,Waste,32250,76.380167,28327.49028
44,2023-01-01T22:00:00,2023-01-01T23:00:00,DK2,DK2,R18,Preliminary,WindOffshore,322843,764.600595,0.0
45,2023-01-01T22:00:00,2023-01-01T23:00:00,DK2,DK2,R19,Preliminary,WindOnshore,116909,276.87913,0.0
46,2023-01-01T22:00:00,2023-01-01T23:00:00,DK2,SE,R06x,Preliminary,Fossil oil a.o.,18144,42.972307,34982.61991
47,2023-01-01T22:00:00,2023-01-01T23:00:00,DK2,SE,R11x,Preliminary,Hydro,120166,284.593884,
48,2023-01-01T22:00:00,2023-01-01T23:00:00,DK2,SE,R14,Preliminary,Nuclear,119547,283.128919,
49,2023-01-01T22:00:00,2023-01-01T23:00:00,DK2,SE,R19,Preliminary,Onshore,111321,263.644881,
50,2023-01-01T21:00:00,2023-01-01T22:00:00,DK1,DK1,R01-1,Preliminary,BioGas,9510,47.671482,0.0
51,2023-01-01T21:00:00,2023-01-01T22:00:00,DK1,DK1,R01-2,Preliminary,Straw,7428,37.233591,0.0
52,2023-01-01T21:00:00,2023-01-01T22:00:00,DK1,DK1,R01-3,Preliminary,Wood,13668,68.509482,0.0
53,2023-01-01T21:00:00,2023-01-01T22:00:00,DK1,DK1,R04x,Preliminary,FossilGas,4744,23.780359,9165.206164
54,2023-01-01T21:00:00,2023-01-01T22:00:00,DK1,DK1,R05x,Preliminary,Coal,39786,199.423534,142897.810128
55,2023-01-01T21:00:00,2023-01-01T22:00:00,DK1,DK1,R06x,Preliminary,Fossil Oil,801,4.015988,2670.761138
56,2023-01-01T21:00:00,2023-01-01T22:00:00,DK1,DK1,R11x,Preliminary,Hydro,640,3.210032,0.0
57,2023-01-01T21:00:00,2023-01-01T22:00:00,DK1,DK1,R16,Preliminary,Solar,18,0.093564,0.0
58,2023-01-01T21:00:00,2023-01-01T22:00:00,DK1,DK1,R17,Preliminary,Waste,13193,66.13082,20782.360972
59,2023-01-01T21:00:00,2023-01-01T22:00:00,DK1,DK1,R18,Preliminary,WindOffshore,198152,993.197559,0.0
60,2023-01-01T21:00:00,2023-01-01T22:00:00,DK1,DK1,R19,Preliminary,WindOnshore,303716,1522.313013,0.0
61,2023-01-01T21:00:00,2023-01-01T22:00:00,DK1,DK2,R01-1,Preliminary,BioGas,409,2.054654,0.0
62,2023-01-01T21:00:00,2023-01-01T22:00:00,DK1,DK2,R01-2,Preliminary,Straw,1664,8.343753,0.0
63,2023-01-01T21:00:00,2023-01-01T22:00:00,DK1,DK2,R01-3,Preliminary,Wood,16392,82.163637,0.0
64,2023-01-01T21:00:00,2023-01-01T22:00:00,DK1,DK2,R04x,Preliminary,FossilGas,203,1.018793,426.61337
65,2023-01-01T21:00:00,2023-01-01T22:00:00,DK1,DK2,R05x,Preliminary,Coal,1,0.006274,7.292568
66,2023-01-01T21:00:00,2023-01-01T22:00:00,DK1,DK2,R06x,Preliminary,Fossil Oil,218,1.097277,1104.201045
67,2023-01-01T21:00:00,2023-01-01T22:00:00,DK1,DK2,R16,Preliminary,Solar,2,0.014956,0.0
68,2023-01-01T21:00:00,2023-01-01T22:00:00,DK1,DK2,R17,Preliminary,Waste,3752,18.807397,6960.477241
69,2023-01-01T21:00:00,2023-01-01T22:00:00,DK1,DK2,R18,Preliminary,WindOffshore,42324,212.146114,0.0
70,2023-01-01T21:00:00,2023-01-01T22:00:00,DK1,DK2,R19,Preliminary,WindOnshore,16202,81.211822,0.0
71,2023-01-01T21:00:00,2023-01-01T22:00:00,DK1,GE,R01,Preliminary,Biomass,30390,152.325919,0.0
72,2023-01-01T21:00:00,2023-01-01T22:00:00,DK1,GE,R02,Preliminary,Brown coal,30509,152.925131,143203.909624
73,2023-01-01T21:00:00,2023-01-01T22:00:00,DK1,GE,R04x,Preliminary,Fossil gas,15814,79.264502,43829.080294
74,2023-01-01T21:00:00,2023-01-01T22:00:00,DK1,GE,R05x,Preliminary,Coal,12778,64.047954,59976.521805
75,2023-01-01T21:00:00,2023-01-01T22:00:00,DK1,GE,R06x,Preliminary,Fossil oil a.o.,1316,6.599744,5207.190661
76,2023-01-01T21:00:00,2023-01-01T22:00:00,DK1,GE,R11x,Preliminary,Hydro,18787,94.1688,
77,2023-01-01T21:00:00,2023-01-01T22:00:00,DK1,GE,R14,Preliminary,Nuclear,16578,83.096066,
78,2023-01-01T21:00:00,2023-01-01T22:00:00,DK1,GE,R15x,Preliminary,Other renewable,870,4.363264,
79,2023-01-01T21:00:00,2023-01-01T22:00:00,DK1,GE,R17,Preliminary,Waste,4957,24.846119,10526.232254
80,2023-01-01T21:00:00,2023-01-01T22:00:00,DK1,GE,R18,Preliminary,Offshore,34631,173.58521,
81,2023-01-01T21:00:00,2023-01-01T22:00:00,DK1,GE,R19,Preliminary,Onshore,124471,623.887275,
82,2023-01-01T21:00:00,2023-01-01T22:00:00,DK1,SE,R06x,Preliminary,Fossil oil a.o.,1727,8.659891,7049.788587
83,2023-01-01T21:00:00,2023-01-01T22:00:00,DK1,SE,R11x,Preliminary,Hydro,12424,62.27381,
84,2023-01-01T21:00:00,2023-01-01T22:00:00,DK1,SE,R14,Preliminary,Nuclear,11192,56.100615,
85,2023-01-01T21:00:00,2023-01-01T22:00:00,DK1,SE,R19,Preliminary,Onshore,10713,53.701001,
86,2023-01-01T21:00:00,2023-01-01T22:00:00,DK2,DK2,R01-1,Preliminary,BioGas,3496,8.395835,0.0
87,2023-01-01T21:00:00,2023-01-01T22:00:00,DK2,DK2,R01-2,Preliminary,Straw,14199,34.094675,0.0
88,2023-01-01T21:00:00,2023-01-01T22:00:00,DK2,DK2,R01-3,Preliminary,Wood,139829,335.741305,0.0
89,2023-01-01T21:00:00,2023-01-01T22:00:00,DK2,DK2,R04x,Preliminary,FossilGas,1733,4.163046,1743.249619
90,2023-01-01T21:00:00,2023-01-01T22:00:00,DK2,DK2,R05x,Preliminary,Coal,10,0.025637,29.799269
91,2023-01-01T21:00:00,2023-01-01T22:00:00,DK2,DK2,R06x,Preliminary,Fossil Oil,1867,4.483752,4512.043427
92,2023-01-01T21:00:00,2023-01-01T22:00:00,DK2,DK2,R16,Preliminary,Solar,25,0.061115,0.0
93,2023-01-01T21:00:00,2023-01-01T22:00:00,DK2,DK2,R17,Preliminary,Waste,32007,76.85176,28442.262135
94,2023-01-01T21:00:00,2023-01-01T22:00:00,DK2,DK2,R18,Preliminary,WindOffshore,361038,866.882423,0.0
95,2023-01-01T21:00:00,2023-01-01T22:00:00,DK2,DK2,R19,Preliminary,WindOnshore,138209,331.851949,0.0
96,2023-01-01T21:00:00,2023-01-01T22:00:00,DK2,SE,R06x,Preliminary,Fossil oil a.o.,14737,35.386495,28807.21074
97,2023-01-01T21:00:00,2023-01-01T22:00:00,DK2,SE,R11x,Preliminary,Hydro,105979,254.466464,
98,2023-01-01T21:00:00,2023-01-01T22:00:00,DK2,SE,R14,Preliminary,Nuclear,95474,229.241233,
99,2023-01-01T21:00:00,2023-01-01T22:00:00,DK2,SE,R19,Preliminary,Onshore,91390,219.435807,
100,2023-01-01T20:00:00,2023-01-01T21:00:00,DK1,DK1,R01-1,Preliminary,BioGas,10029,50.136411,0.0
101,2023-01-01T20:00:00,2023-01-01T21:00:00,DK1,DK1,R01-2,Preliminary,Straw,8735,43.667166,0.0
102,2023-01-01T20:00:00,2023-01-01T21:00:00,DK1,DK1,R01-3,Preliminary,Wood,14480,72.390371,0.0
103,2023-01-01T20:00:00,2023-01-01T21:00:00,DK1,DK1,R04x,Preliminary,FossilGas,4835,24.174251,9348.341013
104,2023-01-01T20:00:00,2023-01-01T21:00:00,DK1,DK1,R05x,Preliminary,Coal,44441,222.166238,158323.738924
105,2023-01-01T20:00:00,2023-01-01T21:00:00,DK1,DK1,R06x,Preliminary,Fossil Oil,838,4.193933,2768.000565
106,2023-01-01T20:00:00,2023-01-01T21:00:00,DK1,DK1,R11x,Preliminary,Hydro,642,3.210898,0.0
107,2023-01-01T20:00:00,2023-01-01T21:00:00,DK1,DK1,R16,Preliminary,Solar,20,0.10303,0.0
108,2023-01-01T20:00:00,2023-01-01T21:00:00,DK1,DK1,R17,Preliminary,Waste,13706,68.517342,21152.550239
109,2023-01-01T20:00:00,2023-01-01T21:00:00,DK1,DK1,R18,Preliminary,WindOffshore,182882,914.239767,0.0
110,2023-01-01T20:00:00,2023-01-01T21:00:00,DK1,DK1,R19,Preliminary,WindOnshore,338114,1690.253653,0.0
111,2023-01-01T20:00:00,2023-01-01T21:00:00,DK1,DK2,R01-1,Preliminary,BioGas,390,1.953288,0.0
112,2023-01-01T20:00:00,2023-01-01T21:00:00,DK1,DK2,R01-2,Preliminary,Straw,1715,8.573862,0.0
113,2023-01-01T20:00:00,2023-01-01T21:00:00,DK1,DK2,R01-3,Preliminary,Wood,16647,83.222953,0.0
114,2023-01-01T20:00:00,2023-01-01T21:00:00,DK1,DK2,R04x,Preliminary,FossilGas,203,1.014832,424.958263
115,2023-01-01T20:00:00,2023-01-01T21:00:00,DK1,DK2,R05x,Preliminary,Coal,1,0.006171,7.153354
116,2023-01-01T20:00:00,2023-01-01T21:00:00,DK1,DK2,R06x,Preliminary,Fossil Oil,219,1.099647,1097.12382
117,2023-01-01T20:00:00,2023-01-01T21:00:00,DK1,DK2,R16,Preliminary,Solar,3,0.015842,0.0
118,2023-01-01T20:00:00,2023-01-01T21:00:00,DK1,DK2,R17,Preliminary,Waste,3713,18.561976,6871.655873
119,2023-01-01T20:00:00,2023-01-01T21:00:00,DK1,DK2,R18,Preliminary,WindOffshore,43682,218.371005,0.0
120,2023-01-01T20:00:00,2023-01-01T21:00:00,DK1,DK2,R19,Preliminary,WindOnshore,17568,87.825747,0.0
121,2023-01-01T20:00:00,2023-01-01T21:00:00,DK1,GE,R01,Preliminary,Biomass,26516,132.55608,0.0
122,2023-01-01T20:00:00,2023-01-01T21:00:00,DK1,GE,R02,Preliminary,Brown coal,26198,130.969139,122643.626561
123,2023-01-01T20:00:00,2023-01-01T21:00:00,DK1,GE,R04x,Preliminary,Fossil gas,13489,67.433822,37287.339336
124,2023-01-01T20:00:00,2023-01-01T21:00:00,DK1,GE,R05x,Preliminary,Coal,11093,55.455726,51930.488408
125,2023-01-01T20:00:00,2023-01-01T21:00:00,DK1,GE,R06x,Preliminary,Fossil oil a.o.,1130,5.652096,4459.497531
126,2023-01-01T20:00:00,2023-01-01T21:00:00,DK1,GE,R11x,Preliminary,Hydro,18288,91.426228,
127,2023-01-01T20:00:00,2023-01-01T21:00:00,DK1,GE,R14,Preliminary,Nuclear,14273,71.35405,
128,2023-01-01T20:00:00,2023-01-01T21:00:00,DK1,GE,R15x,Preliminary,Other renewable,747,3.739073,
129,2023-01-01T20:00:00,2023-01-01T21:00:00,DK1,GE,R17,Preliminary,Waste,4265,21.325777,9034.814762
130,2023-01-01T20:00:00,2023-01-01T21:00:00,DK1,GE,R18,Preliminary,Offshore,35351,176.722117,
131,2023-01-01T20:00:00,2023-01-01T21:00:00,DK1,GE,R19,Preliminary,Onshore,112654,563.165879,
132,2023-01-01T20:00:00,2023-01-01T21:00:00,DK1,SE,R06x,Preliminary,Fossil oil a.o.,1545,7.724087,6287.975456
133,2023-01-01T20:00:00,2023-01-01T21:00:00,DK1,SE,R11x,Preliminary,Hydro,11456,57.269583,
134,2023-01-01T20:00:00,2023-01-01T21:00:00,DK1,SE,R14,Preliminary,Nuclear,10088,50.432721,
135,2023-01-01T20:00:00,2023-01-01T21:00:00,DK1,SE,R19,Preliminary,Onshore,10027,50.128281,
136,2023-01-01T20:00:00,2023-01-01T21:00:00,DK2,DK2,R01-1,Preliminary,BioGas,3332,8.166293,0.0
137,2023-01-01T20:00:00,2023-01-01T21:00:00,DK2,DK2,R01-2,Preliminary,Straw,14626,35.845553,0.0
138,2023-01-01T20:00:00,2023-01-01T21:00:00,DK2,DK2,R01-3,Preliminary,Wood,141970,347.938031,0.0
139,2023-01-01T20:00:00,2023-01-01T21:00:00,DK2,DK2,R04x,Preliminary,FossilGas,1731,4.242804,1776.662991
140,2023-01-01T20:00:00,2023-01-01T21:00:00,DK2,DK2,R05x,Preliminary,Coal,10,0.025799,29.906702
141,2023-01-01T20:00:00,2023-01-01T21:00:00,DK2,DK2,R06x,Preliminary,Fossil Oil,1875,4.597397,4586.848775
142,2023-01-01T20:00:00,2023-01-01T21:00:00,DK2,DK2,R16,Preliminary,Solar,27,0.06623,0.0
143,2023-01-01T20:00:00,2023-01-01T21:00:00,DK2,DK2,R17,Preliminary,Waste,31664,77.6038,28728.97823
144,2023-01-01T20:00:00,2023-01-01T21:00:00,DK2,DK2,R18,Preliminary,WindOffshore,372519,912.964207,0.0
145,2023-01-01T20:00:00,2023-01-01T21:00:00,DK2,DK2,R19,Preliminary,WindOnshore,149822,367.181364,0.0
146,2023-01-01T20:00:00,2023-01-01T21:00:00,DK2,SE,R06x,Preliminary,Fossil oil a.o.,13176,32.292819,26288.730683
147,2023-01-01T20:00:00,2023-01-01T21:00:00,DK2,SE,R11x,Preliminary,Hydro,97696,239.432335,
148,2023-01-01T20:00:00,2023-01-01T21:00:00,DK2,SE,R14,Preliminary,Nuclear,86033,210.848824,
149,2023-01-01T20:00:00,2023-01-01T21:00:00,DK2,SE,R19,Preliminary,Onshore,85513,209.576022,
150,2023-01-01T19:00:00,2023-01-01T20:00:00,DK1,DK1,R01-1,Preliminary,BioGas,9197,50.506416,0.0
151,2023-01-01T19:00:00,2023-01-01T20:00:00,DK1,DK1,R01-2,Preliminary,Straw,7986,43.856474,0.0
152,2023-01-01T19:00:00,2023-01-01T20:00:00,DK1,DK1,R01-3,Preliminary,Wood,14736,80.925242,0.0
153,2023-01-01T19:00:00,2023-01-01T20:00:00,DK1,DK1,R04x,Preliminary,FossilGas,4266,23.428204,10894.414033
154,2023-01-01T19:00:00,2023-01-01T20:00:00,DK1,DK1,R05x,Preliminary,Coal,44579,244.814862,173827.320973
155,2023-01-01T19:00:00,2023-01-01T20:00:00,DK1,DK1,R06x,Preliminary,Fossil Oil,829,4.552801,2980.528651
156,2023-01-01T19:00:00,2023-01-01T20:00:00,DK1,DK1,R11x,Preliminary,Hydro,579,3.182256,0.0
157,2023-01-01T19:00:00,2023-01-01T20:00:00,DK1,DK1,R16,Preliminary,Solar,21,0.116215,0.0
158,2023-01-01T19:00:00,2023-01-01T20:00:00,DK1,DK1,R17,Preliminary,Waste,13455,73.89275,21759.213664
159,2023-01-01T19:00:00,2023-01-01T20:00:00,DK1,DK1,R18,Preliminary,WindOffshore,185530,1018.855667,0.0
160,2023-01-01T19:00:00,2023-01-01T20:00:00,DK1,DK1,R19,Preliminary,WindOnshore,338687,1859.933981,0.0
161,2023-01-01T19:00:00,2023-01-01T20:00:00,DK1,DK2,R01-1,Preliminary,BioGas,371,2.038307,0.0
162,2023-01-01T19:00:00,2023-01-01T20:00:00,DK1,DK2,R01-2,Preliminary,Straw,1199,6.587238,0.0
163,2023-01-01T19:00:00,2023-01-01T20:00:00,DK1,DK2,R01-3,Preliminary,Wood,13198,72.480038,0.0
164,2023-01-01T19:00:00,2023-01-01T20:00:00,DK1,DK2,R04x,Preliminary,FossilGas,119,0.653868,276.250014
165,2023-01-01T19:00:00,2023-01-01T20:00:00,DK1,DK2,R05x,Preliminary,Coal,0,0.005223,6.381061
166,2023-01-01T19:00:00,2023-01-01T20:00:00,DK1,DK2,R06x,Preliminary,Fossil Oil,192,1.05617,1048.716624
167,2023-01-01T19:00:00,2023-01-01T20:00:00,DK1,DK2,R16,Preliminary,Solar,3,0.020741,0.0
168,2023-01-01T19:00:00,2023-01-01T20:00:00,DK1,DK2,R17,Preliminary,Waste,3284,18.0345,6708.236238
169,2023-01-01T19:00:00,2023-01-01T20:00:00,DK1,DK2,R18,Preliminary,WindOffshore,38402,210.890543,0.0
170,2023-01-01T19:00:00,2023-01-01T20:00:00,DK1,DK2,R19,Preliminary,WindOnshore,16564,90.962933,0.0
171,2023-01-01T19:00:00,2023-01-01T20:00:00,DK1,GE,R01,Preliminary,Biomass,27692,152.075891,0.0
172,2023-01-01T19:00:00,2023-01-01T20:00:00,DK1,GE,R02,Preliminary,Brown coal,26686,146.550644,137234.639217
173,2023-01-01T19:00:00,2023-01-01T20:00:00,DK1,GE,R04x,Preliminary,Fossil gas,14460,79.408999,43908.979418
174,2023-01-01T19:00:00,2023-01-01T20:00:00,DK1,GE,R05x,Preliminary,Coal,13154,72.239331,67647.184786
175,2023-01-01T19:00:00,2023-01-01T20:00:00,DK1,GE,R06x,Preliminary,Fossil oil a.o.,1170,6.429683,5073.01232
176,2023-01-01T19:00:00,2023-01-01T20:00:00,DK1,GE,R11x,Preliminary,Hydro,20758,113.999365,
177,2023-01-01T19:00:00,2023-01-01T20:00:00,DK1,GE,R14,Preliminary,Nuclear,14746,80.979426,
178,2023-01-01T19:00:00,2023-01-01T20:00:00,DK1,GE,R15x,Preliminary,Other renewable,772,4.242609,
179,2023-01-01T19:00:00,2023-01-01T20:00:00,DK1,GE,R17,Preliminary,Waste,4452,24.452511,10359.477416
180,2023-01-01T19:00:00,2023-01-01T20:00:00,DK1,GE,R18,Preliminary,Offshore,33494,183.936515,
181,2023-01-01T19:00:00,2023-01-01T20:00:00,DK1,GE,R19,Preliminary,Onshore,117143,643.305027,
182,2023-01-01T19:00:00,2023-01-01T20:00:00,DK1,SE,R06x,Preliminary,Fossil oil a.o.,1481,8.135796,6623.13619
183,2023-01-01T19:00:00,2023-01-01T20:00:00,DK1,SE,R11x,Preliminary,Hydro,11499,63.150581,
184,2023-01-01T19:00:00,2023-01-01T20:00:00,DK1,SE,R14,Preliminary,Nuclear,9638,52.932896,
185,2023-01-01T19:00:00,2023-01-01T20:00:00,DK1,SE,R19,Preliminary,Onshore,9642,52.951159,
186,2023-01-01T19:00:00,2023-01-01T20:00:00,DK2,DK2,R01-1,Preliminary,BioGas,3514,8.850053,0.0
187,2023-01-01T19:00:00,2023-01-01T20:00:00,DK2,DK2,R01-2,Preliminary,Straw,11359,28.600895,0.0
188,2023-01-01T19:00:00,2023-01-01T20:00:00,DK2,DK2,R01-3,Preliminary,Wood,124987,314.698502,0.0
189,2023-01-01T19:00:00,2023-01-01T20:00:00,DK2,DK2,R04x,Preliminary,FossilGas,1127,2.839005,1199.44012
190,2023-01-01T19:00:00,2023-01-01T20:00:00,DK2,DK2,R05x,Preliminary,Coal,9,0.022679,27.705702
191,2023-01-01T19:00:00,2023-01-01T20:00:00,DK2,DK2,R06x,Preliminary,Fossil Oil,1821,4.585749,4553.385453
192,2023-01-01T19:00:00,2023-01-01T20:00:00,DK2,DK2,R16,Preliminary,Solar,35,0.090053,0.0
193,2023-01-01T19:00:00,2023-01-01T20:00:00,DK2,DK2,R17,Preliminary,Waste,31099,78.303355,29126.2526
194,2023-01-01T19:00:00,2023-01-01T20:00:00,DK2,DK2,R18,Preliminary,WindOffshore,363667,915.658156,0.0
195,2023-01-01T19:00:00,2023-01-01T20:00:00,DK2,DK2,R19,Preliminary,WindOnshore,156859,394.948727,0.0
196,2023-01-01T19:00:00,2023-01-01T20:00:00,DK2,SE,R06x,Preliminary,Fossil oil a.o.,14029,35.324522,28756.759722
197,2023-01-01T19:00:00,2023-01-01T20:00:00,DK2,SE,R11x,Preliminary,Hydro,108899,274.191262,
198,2023-01-01T19:00:00,2023-01-01T20:00:00,DK2,SE,R14,Preliminary,Nuclear,91279,229.827461,
199,2023-01-01T19:00:00,2023-01-01T20:00:00,DK2,SE,R19,Preliminary,Onshore,91310,229.906755,
200,2023-01-01T18:00:00,2023-01-01T19:00:00,DK1,DK1,R01-1,Preliminary,BioGas,8976,50.045321,0.0
201,2023-01-01T18:00:00,2023-01-01T19:00:00,DK1,DK1,R01-2,Preliminary,Straw,10232,57.048127,0.0
202,2023-01-01T18:00:00,2023-01-01T19:00:00,DK1,DK1,R01-3,Preliminary,Wood,14149,78.884242,0.0
203,2023-01-01T18:00:00,2023-01-01T19:00:00,DK1,DK1,R04x,Preliminary,FossilGas,5302,29.561054,10957.741307
204,2023-01-01T18:00:00,2023-01-01T19:00:00,DK1,DK1,R05x,Preliminary,Coal,49536,276.167372,195386.263162
205,2023-01-01T18:00:00,2023-01-01T19:00:00,DK1,DK1,R06x,Preliminary,Fossil Oil,793,4.423999,2900.774342
206,2023-01-01T18:00:00,2023-01-01T19:00:00,DK1,DK1,R11x,Preliminary,Hydro,521,2.905695,0.0
207,2023-01-01T18:00:00,2023-01-01T19:00:00,DK1,DK1,R16,Preliminary,Solar,24,0.138303,0.0
208,2023-01-01T18:00:00,2023-01-01T19:00:00,DK1,DK1,R17,Preliminary,Waste,14260,79.504864,22540.482577
209,2023-01-01T18:00:00,2023-01-01T19:00:00,DK1,DK1,R18,Preliminary,WindOffshore,191219,1066.049684,0.0
210,2023-01-01T18:00:00,2023-01-01T19:00:00,DK1,DK1,R19,Preliminary,WindOnshore,384646,2144.401878,0.0
211,2023-01-01T18:00:00,2023-01-01T19:00:00,DK1,DK2,R01-1,Preliminary,BioGas,366,2.045943,0.0
212,2023-01-01T18:00:00,2023-01-01T19:00:00,DK1,DK2,R01-2,Preliminary,Straw,1429,7.96939,0.0
213,2023-01-01T18:00:00,2023-01-01T19:00:00,DK1,DK2,R01-3,Preliminary,Wood,14247,79.430168,0.0
214,2023-01-01T18:00:00,2023-01-01T19:00:00,DK1,DK2,R04x,Preliminary,FossilGas,172,0.961298,401.898955
215,2023-01-01T18:00:00,2023-01-01T19:00:00,DK1,DK2,R05x,Preliminary,Coal,1,0.005652,6.497806
216,2023-01-01T18:00:00,2023-01-01T19:00:00,DK1,DK2,R06x,Preliminary,Fossil Oil,180,1.005597,993.673137
217,2023-01-01T18:00:00,2023-01-01T19:00:00,DK1,DK2,R16,Preliminary,Solar,3,0.019221,0.0
218,2023-01-01T18:00:00,2023-01-01T19:00:00,DK1,DK2,R17,Preliminary,Waste,3009,16.78049,6229.788431
219,2023-01-01T18:00:00,2023-01-01T19:00:00,DK1,DK2,R18,Preliminary,WindOffshore,34582,192.795979,0.0
220,2023-01-01T18:00:00,2023-01-01T19:00:00,DK1,DK2,R19,Preliminary,WindOnshore,15348,85.566872,0.0
221,2023-01-01T18:00:00,2023-01-01T19:00:00,DK1,GE,R01,Preliminary,Biomass,22127,123.35898,0.0
222,2023-01-01T18:00:00,2023-01-01T19:00:00,DK1,GE,R02,Preliminary,Brown coal,21344,118.995449,111431.085878
223,2023-01-01T18:00:00,2023-01-01T19:00:00,DK1,GE,R04x,Preliminary,Fossil gas,11029,61.491633,34001.623003
224,2023-01-01T18:00:00,2023-01-01T19:00:00,DK1,GE,R05x,Preliminary,Coal,11243,62.684683,58699.911175
225,2023-01-01T18:00:00,2023-01-01T19:00:00,DK1,GE,R06x,Preliminary,Fossil oil a.o.,945,5.27316,4160.517538
226,2023-01-01T18:00:00,2023-01-01T19:00:00,DK1,GE,R11x,Preliminary,Hydro,21175,118.052867,
227,2023-01-01T18:00:00,2023-01-01T19:00:00,DK1,GE,R14,Preliminary,Nuclear,11628,64.826905,
228,2023-01-01T18:00:00,2023-01-01T19:00:00,DK1,GE,R15x,Preliminary,Other renewable,619,3.453915,
229,2023-01-01T18:00:00,2023-01-01T19:00:00,DK1,GE,R17,Preliminary,Waste,3478,19.39204,8215.573524
230,2023-01-01T18:00:00,2023-01-01T19:00:00,DK1,GE,R18,Preliminary,Offshore,28405,158.359577,
231,2023-01-01T18:00:00,2023-01-01T19:00:00,DK1,GE,R19,Preliminary,Onshore,90633,505.280766,
232,2023-01-01T18:00:00,2023-01-01T19:00:00,DK1,SE,R06x,Preliminary,Fossil oil a.o.,1363,7.60128,6188.001184
233,2023-01-01T18:00:00,2023-01-01T19:00:00,DK1,SE,R11x,Preliminary,Hydro,10153,56.606806,
234,2023-01-01T18:00:00,2023-01-01T19:00:00,DK1,SE,R14,Preliminary,Nuclear,8293,46.2378,
235,2023-01-01T18:00:00,2023-01-01T19:00:00,DK1,SE,R19,Preliminary,Onshore,8551,47.673508,
236,2023-01-01T18:00:00,2023-01-01T19:00:00,DK2,DK2,R01-1,Preliminary,BioGas,3756,9.515897,0.0
237,2023-01-01T18:00:00,2023-01-01T19:00:00,DK2,DK2,R01-2,Preliminary,Straw,14630,37.066475,0.0
238,2023-01-01T18:00:00,2023-01-01T19:00:00,DK2,DK2,R01-3,Preliminary,Wood,145823,369.438102,0.0
239,2023-01-01T18:00:00,2023-01-01T19:00:00,DK2,DK2,R04x,Preliminary,FossilGas,1764,4.4711,1869.27449
240,2023-01-01T18:00:00,2023-01-01T19:00:00,DK2,DK2,R05x,Preliminary,Coal,10,0.026287,30.221982
241,2023-01-01T18:00:00,2023-01-01T19:00:00,DK2,DK2,R06x,Preliminary,Fossil Oil,1846,4.677136,4621.678709
242,2023-01-01T18:00:00,2023-01-01T19:00:00,DK2,DK2,R16,Preliminary,Solar,35,0.089398,0.0
243,2023-01-01T18:00:00,2023-01-01T19:00:00,DK2,DK2,R17,Preliminary,Waste,30806,78.047831,28975.403982
244,2023-01-01T18:00:00,2023-01-01T19:00:00,DK2,DK2,R18,Preliminary,WindOffshore,353948,896.714459,0.0
245,2023-01-01T18:00:00,2023-01-01T19:00:00,DK2,DK2,R19,Preliminary,WindOnshore,157089,397.980561,0.0
246,2023-01-01T18:00:00,2023-01-01T19:00:00,DK2,SE,R06x,Preliminary,Fossil oil a.o.,13954,35.354356,28781.047001
247,2023-01-01T18:00:00,2023-01-01T19:00:00,DK2,SE,R11x,Preliminary,Hydro,103922,263.284234,
248,2023-01-01T18:00:00,2023-01-01T19:00:00,DK2,SE,R14,Preliminary,Nuclear,84886,215.05689,
249,2023-01-01T18:00:00,2023-01-01T19:00:00,DK2,SE,R19,Preliminary,Onshore,87522,221.73452,
250,2023-01-01T17:00:00,2023-01-01T18:00:00,DK1,DK1,R01-1,Preliminary,BioGas,9116,50.381281,0.0
251,2023-01-01T17:00:00,2023-01-01T18:00:00,DK1,DK1,R01-2,Preliminary,Straw,10662,58.926949,0.0
252,2023-01-01T17:00:00,2023-01-01T18:00:00,DK1,DK1,R01-3,Preliminary,Wood,22385,123.709889,0.0
253,2023-01-01T17:00:00,2023-01-01T18:00:00,DK1,DK1,R04x,Preliminary,FossilGas,5786,31.98059,11648.769625
254,2023-01-01T17:00:00,2023-01-01T18:00:00,DK1,DK1,R05x,Preliminary,Coal,72524,400.800288,290808.770577
255,2023-01-01T17:00:00,2023-01-01T18:00:00,DK1,DK1,R06x,Preliminary,Fossil Oil,1312,7.255856,4719.83943
256,2023-01-01T17:00:00,2023-01-01T18:00:00,DK1,DK1,R11x,Preliminary,Hydro,525,2.90641,0.0
257,2023-01-01T17:00:00,2023-01-01T18:00:00,DK1,DK1,R16,Preliminary,Solar,33,0.186521,0.0
258,2023-01-01T17:00:00,2023-01-01T18:00:00,DK1,DK1,R17,Preliminary,Waste,15071,83.291184,23228.769845
259,2023-01-01T17:00:00,2023-01-01T18:00:00,DK1,DK1,R18,Preliminary,WindOffshore,182969,1011.169021,0.0
260,2023-01-01T17:00:00,2023-01-01T18:00:00,DK1,DK1,R19,Preliminary,WindOnshore,433648,2396.526509,0.0
261,2023-01-01T17:00:00,2023-01-01T18:00:00,DK1,DK2,R01-1,Preliminary,BioGas,349,1.934208,0.0
262,2023-01-01T17:00:00,2023-01-01T18:00:00,DK1,DK2,R01-2,Preliminary,Straw,1165,6.438293,0.0
263,2023-01-01T17:00:00,2023-01-01T18:00:00,DK1,DK2,R01-3,Preliminary,Wood,11858,65.535664,0.0
264,2023-01-01T17:00:00,2023-01-01T18:00:00,DK1,DK2,R04x,Preliminary,FossilGas,142,0.78532,328.308962
265,2023-01-01T17:00:00,2023-01-01T18:00:00,DK1,DK2,R05x,Preliminary,Coal,0,0.004604,5.289929
266,2023-01-01T17:00:00,2023-01-01T18:00:00,DK1,DK2,R06x,Preliminary,Fossil Oil,147,0.81409,804.873454
267,2023-01-01T17:00:00,2023-01-01T18:00:00,DK1,DK2,R16,Preliminary,Solar,3,0.020233,0.0
268,2023-01-01T17:00:00,2023-01-01T18:00:00,DK1,DK2,R17,Preliminary,Waste,2454,13.564976,5045.613905
269,2023-01-01T17:00:00,2023-01-01T18:00:00,DK1,DK2,R18,Preliminary,WindOffshore,26981,149.112157,0.0
270,2023-01-01T17:00:00,2023-01-01T18:00:00,DK1,DK2,R19,Preliminary,WindOnshore,13420,74.169136,0.0
271,2023-01-01T17:00:00,2023-01-01T18:00:00,DK1,GE,R01,Preliminary,Biomass,16409,90.68302,0.0
272,2023-01-01T17:00:00,2023-01-01T18:00:00,DK1,GE,R02,Preliminary,Brown coal,16031,88.594259,82962.454373
273,2023-01-01T17:00:00,2023-01-01T18:00:00,DK1,GE,R04x,Preliminary,Fossil gas,8306,45.904609,25382.822689
274,2023-01-01T17:00:00,2023-01-01T18:00:00,DK1,GE,R05x,Preliminary,Coal,8227,45.466646,42576.399185
275,2023-01-01T17:00:00,2023-01-01T18:00:00,DK1,GE,R06x,Preliminary,Fossil oil a.o.,680,3.758811,2965.697826
276,2023-01-01T17:00:00,2023-01-01T18:00:00,DK1,GE,R11x,Preliminary,Hydro,17048,94.215627,
277,2023-01-01T17:00:00,2023-01-01T18:00:00,DK1,GE,R14,Preliminary,Nuclear,8559,47.305136,
278,2023-01-01T17:00:00,2023-01-01T18:00:00,DK1,GE,R15x,Preliminary,Other renewable,449,2.483415,
279,2023-01-01T17:00:00,2023-01-01T18:00:00,DK1,GE,R17,Preliminary,Waste,2577,14.245928,6035.387049
280,2023-01-01T17:00:00,2023-01-01T18:00:00,DK1,GE,R18,Preliminary,Offshore,21528,118.972738,
281,2023-01-01T17:00:00,2023-01-01T18:00:00,DK1,GE,R19,Preliminary,Onshore,68065,376.159828,
282,2023-01-01T17:00:00,2023-01-01T18:00:00,DK1,SE,R06x,Preliminary,Fossil oil a.o.,1030,5.695732,4636.744999
283,2023-01-01T17:00:00,2023-01-01T18:00:00,DK1,SE,R11x,Preliminary,Hydro,7598,41.99335,
284,2023-01-01T17:00:00,2023-01-01T18:00:00,DK1,SE,R14,Preliminary,Nuclear,6257,34.579952,
285,2023-01-01T17:00:00,2023-01-01T18:00:00,DK1,SE,R19,Preliminary,Onshore,6668,36.852281,
286,2023-01-01T17:00:00,2023-01-01T18:00:00,DK2,DK2,R01-1,Preliminary,BioGas,4482,11.11508,0.0
287,2023-01-01T17:00:00,2023-01-01T18:00:00,DK2,DK2,R01-2,Preliminary,Straw,14920,36.998159,0.0
288,2023-01-01T17:00:00,2023-01-01T18:00:00,DK2,DK2,R01-3,Preliminary,Wood,151878,376.605847,0.0
289,2023-01-01T17:00:00,2023-01-01T18:00:00,DK2,DK2,R04x,Preliminary,FossilGas,1819,4.512903,1886.653258
290,2023-01-01T17:00:00,2023-01-01T18:00:00,DK2,DK2,R05x,Preliminary,Coal,10,0.02646,30.398991
291,2023-01-01T17:00:00,2023-01-01T18:00:00,DK2,DK2,R06x,Preliminary,Fossil Oil,1886,4.678233,4625.268575
292,2023-01-01T17:00:00,2023-01-01T18:00:00,DK2,DK2,R16,Preliminary,Solar,46,0.116269,0.0
293,2023-01-01T17:00:00,2023-01-01T18:00:00,DK2,DK2,R17,Preliminary,Waste,31436,77.952199,28995.016947
294,2023-01-01T17:00:00,2023-01-01T18:00:00,DK2,DK2,R18,Preliminary,WindOffshore,345567,856.88473,0.0
295,2023-01-01T17:00:00,2023-01-01T18:00:00,DK2,DK2,R19,Preliminary,WindOnshore,171886,426.218773,0.0
296,2023-01-01T17:00:00,2023-01-01T18:00:00,DK2,SE,R06x,Preliminary,Fossil oil a.o.,13199,32.730972,26645.419599
297,2023-01-01T17:00:00,2023-01-01T18:00:00,DK2,SE,R11x,Preliminary,Hydro,97319,241.318086,
298,2023-01-01T17:00:00,2023-01-01T18:00:00,DK2,SE,R14,Preliminary,Nuclear,80138,198.71641,
299,2023-01-01T17:00:00,2023-01-01T18:00:00,DK2,SE,R19,Preliminary,Onshore,85404,211.774531,
300,2023-01-01T16:00:00,2023-01-01T17:00:00,DK1,DK1,R01-1,Preliminary,BioGas,9271,52.016963,0.0
301,2023-01-01T16:00:00,2023-01-01T17:00:00,DK1,DK1,R01-2,Preliminary,Straw,9231,51.791812,0.0
302,2023-01-01T16:00:00,2023-01-01T17:00:00,DK1,DK1,R01-3,Preliminary,Wood,27256,152.916508,0.0
303,2023-01-01T16:00:00,2023-01-01T17:00:00,DK1,DK1,R04x,Preliminary,FossilGas,5057,28.375286,10219.054213
304,2023-01-01T16:00:00,2023-01-01T17:00:00,DK1,DK1,R05x,Preliminary,Coal,70966,398.143921,288028.041115
305,2023-01-01T16:00:00,2023-01-01T17:00:00,DK1,DK1,R06x,Preliminary,Fossil Oil,1460,8.195753,5298.700929
306,2023-01-01T16:00:00,2023-01-01T17:00:00,DK1,DK1,R11x,Preliminary,Hydro,512,2.872617,0.0
307,2023-01-01T16:00:00,2023-01-01T17:00:00,DK1,DK1,R16,Preliminary,Solar,35,0.199225,0.0
308,2023-01-01T16:00:00,2023-01-01T17:00:00,DK1,DK1,R17,Preliminary,Waste,14765,82.840096,23074.389291
309,2023-01-01T16:00:00,2023-01-01T17:00:00,DK1,DK1,R18,Preliminary,WindOffshore,197009,1105.278889,0.0
310,2023-01-01T16:00:00,2023-01-01T17:00:00,DK1,DK1,R19,Preliminary,WindOnshore,445057,2496.892847,0.0
311,2023-01-01T16:00:00,2023-01-01T17:00:00,DK1,DK2,R01-1,Preliminary,BioGas,304,1.706559,0.0
312,2023-01-01T16:00:00,2023-01-01T17:00:00,DK1,DK2,R01-2,Preliminary,Straw,710,3.986001,0.0
313,2023-01-01T16:00:00,2023-01-01T17:00:00,DK1,DK2,R01-3,Preliminary,Wood,8760,49.149592,0.0
314,2023-01-01T16:00:00,2023-01-01T17:00:00,DK1,DK2,R04x,Preliminary,FossilGas,76,0.430669,181.827127
315,2023-01-01T16:00:00,2023-01-01T17:00:00,DK1,DK2,R05x,Preliminary,Coal,0,0.003619,4.451947
316,2023-01-01T16:00:00,2023-01-01T17:00:00,DK1,DK2,R06x,Preliminary,Fossil Oil,130,0.730738,730.609752
317,2023-01-01T16:00:00,2023-01-01T17:00:00,DK1,DK2,R16,Preliminary,Solar,3,0.020719,0.0
318,2023-01-01T16:00:00,2023-01-01T17:00:00,DK1,DK2,R17,Preliminary,Waste,2208,12.388108,4596.859455
319,2023-01-01T16:00:00,2023-01-01T17:00:00,DK1,DK2,R18,Preliminary,WindOffshore,26680,149.685196,0.0
320,2023-01-01T16:00:00,2023-01-01T17:00:00,DK1,DK2,R19,Preliminary,WindOnshore,13271,74.454941,0.0
321,2023-01-01T16:00:00,2023-01-01T17:00:00,DK1,GE,R01,Preliminary,Biomass,14500,81.349794,0.0
322,2023-01-01T16:00:00,2023-01-01T17:00:00,DK1,GE,R02,Preliminary,Brown coal,13198,74.045746,69338.768753
323,2023-01-01T16:00:00,2023-01-01T17:00:00,DK1,GE,R04x,Preliminary,Fossil gas,7081,39.730077,21968.63264
324,2023-01-01T16:00:00,2023-01-01T17:00:00,DK1,GE,R05x,Preliminary,Coal,6883,38.616996,36162.171406
325,2023-01-01T16:00:00,2023-01-01T17:00:00,DK1,GE,R06x,Preliminary,Fossil oil a.o.,599,3.36513,2655.083874
326,2023-01-01T16:00:00,2023-01-01T17:00:00,DK1,GE,R11x,Preliminary,Hydro,13498,75.728307,
327,2023-01-01T16:00:00,2023-01-01T17:00:00,DK1,GE,R14,Preliminary,Nuclear,7556,42.396286,
328,2023-01-01T16:00:00,2023-01-01T17:00:00,DK1,GE,R15x,Preliminary,Other renewable,395,2.217529,
329,2023-01-01T16:00:00,2023-01-01T17:00:00,DK1,GE,R17,Preliminary,Waste,2284,12.817684,5430.301538
330,2023-01-01T16:00:00,2023-01-01T17:00:00,DK1,GE,R18,Preliminary,Offshore,20162,113.120046,
331,2023-01-01T16:00:00,2023-01-01T17:00:00,DK1,GE,R19,Preliminary,Onshore,60934,341.862412,
332,2023-01-01T16:00:00,2023-01-01T17:00:00,DK1,SE,R06x,Preliminary,Fossil oil a.o.,1113,6.245261,5084.102215
333,2023-01-01T16:00:00,2023-01-01T17:00:00,DK1,SE,R11x,Preliminary,Hydro,6661,37.372712,
334,2023-01-01T16:00:00,2023-01-01T17:00:00,DK1,SE,R14,Preliminary,Nuclear,6011,33.726736,
335,2023-01-01T16:00:00,2023-01-01T17:00:00,DK1,SE,R19,Preliminary,Onshore,6345,35.599152,
336,2023-01-01T16:00:00,2023-01-01T17:00:00,DK2,DK2,R01-1,Preliminary,BioGas,4208,10.563411,0.0
337,2023-01-01T16:00:00,2023-01-01T17:00:00,DK2,DK2,R01-2,Preliminary,Straw,9829,24.672907,0.0
338,2023-01-01T16:00:00,2023-01-01T17:00:00,DK2,DK2,R01-3,Preliminary,Wood,121207,304.230535,0.0
339,2023-01-01T16:00:00,2023-01-01T17:00:00,DK2,DK2,R04x,Preliminary,FossilGas,1062,2.665793,1125.489788
340,2023-01-01T16:00:00,2023-01-01T17:00:00,DK2,DK2,R05x,Preliminary,Coal,8,0.022401,27.557057
341,2023-01-01T16:00:00,2023-01-01T17:00:00,DK2,DK2,R06x,Preliminary,Fossil Oil,1802,4.523187,4522.393479
342,2023-01-01T16:00:00,2023-01-01T17:00:00,DK2,DK2,R16,Preliminary,Solar,51,0.128247,0.0
343,2023-01-01T16:00:00,2023-01-01T17:00:00,DK2,DK2,R17,Preliminary,Waste,30550,76.681019,28454.051117
344,2023-01-01T16:00:00,2023-01-01T17:00:00,DK2,DK2,R18,Preliminary,WindOffshore,369137,926.534791,0.0
345,2023-01-01T16:00:00,2023-01-01T17:00:00,DK2,DK2,R19,Preliminary,WindOnshore,183612,460.867839,0.0
346,2023-01-01T16:00:00,2023-01-01T17:00:00,DK2,SE,R06x,Preliminary,Fossil oil a.o.,15401,38.657476,31470.030052
347,2023-01-01T16:00:00,2023-01-01T17:00:00,DK2,SE,R11x,Preliminary,Hydro,92164,231.332954,
348,2023-01-01T16:00:00,2023-01-01T17:00:00,DK2,SE,R14,Preliminary,Nuclear,83173,208.764761,
349,2023-01-01T16:00:00,2023-01-01T17:00:00,DK2,SE,R19,Preliminary,Onshore,87790,220.354809,
350,2023-01-01T15:00:00,2023-01-01T16:00:00,DK1,DK1,R01-1,Preliminary,BioGas,9763,53.220364,0.0
351,2023-01-01T15:00:00,2023-01-01T16:00:00,DK1,DK1,R01-2,Preliminary,Straw,6671,36.365687,0.0
352,2023-01-01T15:00:00,2023-01-01T16:00:00,DK1,DK1,R01-3,Preliminary,Wood,13476,73.458597,0.0
353,2023-01-01T15:00:00,2023-01-01T16:00:00,DK1,DK1,R04x,Preliminary,FossilGas,4576,24.946034,9271.349303
354,2023-01-01T15:00:00,2023-01-01T16:00:00,DK1,DK1,R05x,Preliminary,Coal,47825,260.685174,187769.021829
355,2023-01-01T15:00:00,2023-01-01T16:00:00,DK1,DK1,R06x,Preliminary,Fossil Oil,853,4.652289,3089.81016
356,2023-01-01T15:00:00,2023-01-01T16:00:00,DK1,DK1,R11x,Preliminary,Hydro,525,2.863586,0.0
357,2023-01-01T15:00:00,2023-01-01T16:00:00,DK1,DK1,R16,Preliminary,Solar,41,0.225759,0.0
358,2023-01-01T15:00:00,2023-01-01T16:00:00,DK1,DK1,R17,Preliminary,Waste,13189,71.893841,20697.55731
359,2023-01-01T15:00:00,2023-01-01T16:00:00,DK1,DK1,R18,Preliminary,WindOffshore,217309,1184.503419,0.0
360,2023-01-01T15:00:00,2023-01-01T16:00:00,DK1,DK1,R19,Preliminary,WindOnshore,459063,2502.24553,0.0
361,2023-01-01T15:00:00,2023-01-01T16:00:00,DK1,DK2,R01-1,Preliminary,BioGas,248,1.356456,0.0
362,2023-01-01T15:00:00,2023-01-01T16:00:00,DK1,DK2,R01-2,Preliminary,Straw,530,2.890248,0.0
363,2023-01-01T15:00:00,2023-01-01T16:00:00,DK1,DK2,R01-3,Preliminary,Wood,6106,33.286005,0.0
364,2023-01-01T15:00:00,2023-01-01T16:00:00,DK1,DK2,R04x,Preliminary,FossilGas,56,0.309929,130.677242
365,2023-01-01T15:00:00,2023-01-01T16:00:00,DK1,DK2,R05x,Preliminary,Coal,0,0.00258,3.169541
366,2023-01-01T15:00:00,2023-01-01T16:00:00,DK1,DK2,R06x,Preliminary,Fossil Oil,100,0.550043,542.104687
367,2023-01-01T15:00:00,2023-01-01T16:00:00,DK1,DK2,R16,Preliminary,Solar,2,0.01095,0.0
368,2023-01-01T15:00:00,2023-01-01T16:00:00,DK1,DK2,R17,Preliminary,Waste,1674,9.128438,3367.086794
369,2023-01-01T15:00:00,2023-01-01T16:00:00,DK1,DK2,R18,Preliminary,WindOffshore,20202,110.121225,0.0
370,2023-01-01T15:00:00,2023-01-01T16:00:00,DK1,DK2,R19,Preliminary,WindOnshore,10778,58.752484,0.0
371,2023-01-01T15:00:00,2023-01-01T16:00:00,DK1,GE,R01,Preliminary,Biomass,16886,92.042537,0.0
372,2023-01-01T15:00:00,2023-01-01T16:00:00,DK1,GE,R02,Preliminary,Brown coal,15577,84.907067,79509.651332
373,2023-01-01T15:00:00,2023-01-01T16:00:00,DK1,GE,R04x,Preliminary,Fossil gas,8482,46.23682,25566.517522
374,2023-01-01T15:00:00,2023-01-01T16:00:00,DK1,GE,R05x,Preliminary,Coal,8909,48.565753,45478.500679
375,2023-01-01T15:00:00,2023-01-01T16:00:00,DK1,GE,R06x,Preliminary,Fossil oil a.o.,709,3.865047,3049.51798
376,2023-01-01T15:00:00,2023-01-01T16:00:00,DK1,GE,R11x,Preliminary,Hydro,14252,77.687369,
377,2023-01-01T15:00:00,2023-01-01T16:00:00,DK1,GE,R14,Preliminary,Nuclear,8916,48.600436,
378,2023-01-01T15:00:00,2023-01-01T16:00:00,DK1,GE,R15x,Preliminary,Other renewable,463,2.527148,
379,2023-01-01T15:00:00,2023-01-01T16:00:00,DK1,GE,R16,Preliminary,Solar,380,2.076224,
380,2023-01-01T15:00:00,2023-01-01T16:00:00,DK1,GE,R17,Preliminary,Waste,2622,14.295704,6056.474867
381,2023-01-01T15:00:00,2023-01-01T16:00:00,DK1,GE,R18,Preliminary,Offshore,24213,131.981309,
382,2023-01-01T15:00:00,2023-01-01T16:00:00,DK1,GE,R19,Preliminary,Onshore,75973,414.114597,
383,2023-01-01T15:00:00,2023-01-01T16:00:00,DK1,SE,R06x,Preliminary,Fossil oil a.o.,546,2.980615,2426.43959
384,2023-01-01T15:00:00,2023-01-01T16:00:00,DK1,SE,R11x,Preliminary,Hydro,2916,15.899409,
385,2023-01-01T15:00:00,2023-01-01T16:00:00,DK1,SE,R14,Preliminary,Nuclear,2978,16.232454,
386,2023-01-01T15:00:00,2023-01-01T16:00:00,DK1,SE,R19,Preliminary,Onshore,3170,17.279167,
387,2023-01-01T15:00:00,2023-01-01T16:00:00,DK2,DK2,R01-1,Preliminary,BioGas,5046,11.291969,0.0
388,2023-01-01T15:00:00,2023-01-01T16:00:00,DK2,DK2,R01-2,Preliminary,Straw,10752,24.06019,0.0
389,2023-01-01T15:00:00,2023-01-01T16:00:00,DK2,DK2,R01-3,Preliminary,Wood,123831,277.093011,0.0
390,2023-01-01T15:00:00,2023-01-01T16:00:00,DK2,DK2,R04x,Preliminary,FossilGas,1153,2.58004,1087.837072
391,2023-01-01T15:00:00,2023-01-01T16:00:00,DK2,DK2,R05x,Preliminary,Coal,9,0.021474,26.385196
392,2023-01-01T15:00:00,2023-01-01T16:00:00,DK2,DK2,R06x,Preliminary,Fossil Oil,2046,4.578893,4512.810089
393,2023-01-01T15:00:00,2023-01-01T16:00:00,DK2,DK2,R16,Preliminary,Solar,40,0.091157,0.0
394,2023-01-01T15:00:00,2023-01-01T16:00:00,DK2,DK2,R17,Preliminary,Waste,33959,75.990684,28029.684356
395,2023-01-01T15:00:00,2023-01-01T16:00:00,DK2,DK2,R18,Preliminary,WindOffshore,409677,916.716249,0.0
396,2023-01-01T15:00:00,2023-01-01T16:00:00,DK2,DK2,R19,Preliminary,WindOnshore,218573,489.091514,0.0
397,2023-01-01T15:00:00,2023-01-01T16:00:00,DK2,SE,R06x,Preliminary,Fossil oil a.o.,11088,24.812454,20199.163113
398,2023-01-01T15:00:00,2023-01-01T16:00:00,DK2,SE,R11x,Preliminary,Hydro,59149,132.356374,
399,2023-01-01T15:00:00,2023-01-01T16:00:00,DK2,SE,R14,Preliminary,Nuclear,60388,135.128846,
400,2023-01-01T15:00:00,2023-01-01T16:00:00,DK2,SE,R19,Preliminary,Onshore,64282,143.842326,
401,2023-01-01T14:00:00,2023-01-01T15:00:00,DK1,DK1,R01-1,Preliminary,BioGas,9150,50.290696,0.006538
402,2023-01-01T14:00:00,2023-01-01T15:00:00,DK1,DK1,R01-2,Preliminary,Straw,5452,29.967166,0.0
403,2023-01-01T14:00:00,2023-01-01T15:00:00,DK1,DK1,R01-3,Preliminary,Wood,14666,80.605747,0.0
404,2023-01-01T14:00:00,2023-01-01T15:00:00,DK1,DK1,R04x,Preliminary,FossilGas,4449,24.451186,9133.763184
405,2023-01-01T14:00:00,2023-01-01T15:00:00,DK1,DK1,R05x,Preliminary,Coal,43086,236.79403,171940.876221
406,2023-01-01T14:00:00,2023-01-01T15:00:00,DK1,DK1,R06x,Preliminary,Fossil Oil,919,5.056052,3362.001242
407,2023-01-01T14:00:00,2023-01-01T15:00:00,DK1,DK1,R11x,Preliminary,Hydro,521,2.866591,0.0
408,2023-01-01T14:00:00,2023-01-01T15:00:00,DK1,DK1,R16,Preliminary,Solar,2915,16.021023,0.0
409,2023-01-01T14:00:00,2023-01-01T15:00:00,DK1,DK1,R17,Preliminary,Waste,12486,68.623496,19890.445952
410,2023-01-01T14:00:00,2023-01-01T15:00:00,DK1,DK1,R18,Preliminary,WindOffshore,219565,1206.687913,0.0
411,2023-01-01T14:00:00,2023-01-01T15:00:00,DK1,DK1,R19,Preliminary,WindOnshore,455830,2505.149925,0.0
412,2023-01-01T14:00:00,2023-01-01T15:00:00,DK1,GE,R01,Preliminary,Biomass,20922,114.986703,0.0
413,2023-01-01T14:00:00,2023-01-01T15:00:00,DK1,GE,R02,Preliminary,Brown coal,18803,103.341122,96771.881542
414,2023-01-01T14:00:00,2023-01-01T15:00:00,DK1,GE,R04x,Preliminary,Fossil gas,10397,57.143417,31597.289543
415,2023-01-01T14:00:00,2023-01-01T15:00:00,DK1,GE,R05x,Preliminary,Coal,9552,52.496532,49159.40628
416,2023-01-01T14:00:00,2023-01-01T15:00:00,DK1,GE,R06x,Preliminary,Fossil oil a.o.,894,4.918003,3880.298807
417,2023-01-01T14:00:00,2023-01-01T15:00:00,DK1,GE,R11x,Preliminary,Hydro,13801,75.850751,
418,2023-01-01T14:00:00,2023-01-01T15:00:00,DK1,GE,R14,Preliminary,Nuclear,11240,61.777698,
419,2023-01-01T14:00:00,2023-01-01T15:00:00,DK1,GE,R15x,Preliminary,Other renewable,578,3.177782,
420,2023-01-01T14:00:00,2023-01-01T15:00:00,DK1,GE,R16,Preliminary,Solar,8782,48.265794,
421,2023-01-01T14:00:00,2023-01-01T15:00:00,DK1,GE,R17,Preliminary,Waste,3337,18.341629,7770.559559
422,2023-01-01T14:00:00,2023-01-01T15:00:00,DK1,GE,R18,Preliminary,Offshore,30751,169.002779,
423,2023-01-01T14:00:00,2023-01-01T15:00:00,DK1,GE,R19,Preliminary,Onshore,101892,559.977765,
424,2023-01-01T14:00:00,2023-01-01T15:00:00,DK2,DK1,R01-1,Preliminary,BioGas,492,0.992858,0.000129
425,2023-01-01T14:00:00,2023-01-01T15:00:00,DK2,DK1,R01-2,Preliminary,Straw,293,0.591623,0.0
426,2023-01-01T14:00:00,2023-01-01T15:00:00,DK2,DK1,R01-3,Preliminary,Wood,789,1.591349,0.0
427,2023-01-01T14:00:00,2023-01-01T15:00:00,DK2,DK1,R04x,Preliminary,FossilGas,239,0.482724,180.322139
428,2023-01-01T14:00:00,2023-01-01T15:00:00,DK2,DK1,R05x,Preliminary,Coal,2320,4.674876,3394.52053
429,2023-01-01T14:00:00,2023-01-01T15:00:00,DK2,DK1,R06x,Preliminary,Fossil Oil,49,0.099818,66.373875
430,2023-01-01T14:00:00,2023-01-01T15:00:00,DK2,DK1,R11x,Preliminary,Hydro,28,0.056593,0.0
431,2023-01-01T14:00:00,2023-01-01T15:00:00,DK2,DK1,R16,Preliminary,Solar,156,0.316293,0.0
432,2023-01-01T14:00:00,2023-01-01T15:00:00,DK2,DK1,R17,Preliminary,Waste,672,1.35479,392.684559
433,2023-01-01T14:00:00,2023-01-01T15:00:00,DK2,DK1,R18,Preliminary,WindOffshore,11823,23.82288,0.0
434,2023-01-01T14:00:00,2023-01-01T15:00:00,DK2,DK1,R19,Preliminary,WindOnshore,24545,49.457599,0.0
435,2023-01-01T14:00:00,2023-01-01T15:00:00,DK2,DK2,R01-1,Preliminary,BioGas,5065,10.205489,0.0
436,2023-01-01T14:00:00,2023-01-01T15:00:00,DK2,DK2,R01-2,Preliminary,Straw,11711,23.597501,0.0
437,2023-01-01T14:00:00,2023-01-01T15:00:00,DK2,DK2,R01-3,Preliminary,Wood,100196,201.885687,0.0
438,2023-01-01T14:00:00,2023-01-01T15:00:00,DK2,DK2,R04x,Preliminary,FossilGas,1270,2.559391,1067.72403
439,2023-01-01T14:00:00,2023-01-01T15:00:00,DK2,DK2,R05x,Preliminary,Coal,6,0.012868,14.369632
440,2023-01-01T14:00:00,2023-01-01T15:00:00,DK2,DK2,R06x,Preliminary,Fossil Oil,1201,2.421854,2274.724648
441,2023-01-01T14:00:00,2023-01-01T15:00:00,DK2,DK2,R16,Preliminary,Solar,3844,7.74606,0.0
442,2023-01-01T14:00:00,2023-01-01T15:00:00,DK2,DK2,R17,Preliminary,Waste,37090,74.732993,27372.937894
443,2023-01-01T14:00:00,2023-01-01T15:00:00,DK2,DK2,R18,Preliminary,WindOffshore,450445,907.597544,0.0
444,2023-01-01T14:00:00,2023-01-01T15:00:00,DK2,DK2,R19,Preliminary,WindOnshore,255745,515.299805,0.0
445,2023-01-01T14:00:00,2023-01-01T15:00:00,DK2,GE,R01,Preliminary,Biomass,8335,16.794737,0.0
446,2023-01-01T14:00:00,2023-01-01T15:00:00,DK2,GE,R02,Preliminary,Brown coal,7491,15.093806,14134.315004
447,2023-01-01T14:00:00,2023-01-01T15:00:00,DK2,GE,R04x,Preliminary,Fossil gas,4142,8.346258,4615.039375
448,2023-01-01T14:00:00,2023-01-01T15:00:00,DK2,GE,R05x,Preliminary,Coal,3805,7.667543,7180.128387
449,2023-01-01T14:00:00,2023-01-01T15:00:00,DK2,GE,R06x,Preliminary,Fossil oil a.o.,356,0.718314,566.748985
450,2023-01-01T14:00:00,2023-01-01T15:00:00,DK2,GE,R11x,Preliminary,Hydro,5498,11.078615,
451,2023-01-01T14:00:00,2023-01-01T15:00:00,DK2,GE,R14,Preliminary,Nuclear,4478,9.023132,
452,2023-01-01T14:00:00,2023-01-01T15:00:00,DK2,GE,R15x,Preliminary,Other renewable,230,0.464141,
453,2023-01-01T14:00:00,2023-01-01T15:00:00,DK2,GE,R16,Preliminary,Solar,3498,7.049609,
454,2023-01-01T14:00:00,2023-01-01T15:00:00,DK2,GE,R17,Preliminary,Waste,1329,2.678943,1134.952993
455,2023-01-01T14:00:00,2023-01-01T15:00:00,DK2,GE,R18,Preliminary,Offshore,12250,24.684221,
456,2023-01-01T14:00:00,2023-01-01T15:00:00,DK2,GE,R19,Preliminary,Onshore,40592,81.789276,
457,2023-01-01T13:00:00,2023-01-01T14:00:00,DK1,DK1,R01-1,Preliminary,BioGas,8199,46.712599,0.000747
458,2023-01-01T13:00:00,2023-01-01T14:00:00,DK1,DK1,R01-2,Preliminary,Straw,1550,8.834616,0.0
459,2023-01-01T13:00:00,2023-01-01T14:00:00,DK1,DK1,R01-3,Preliminary,Wood,12880,73.382858,0.0
460,2023-01-01T13:00:00,2023-01-01T14:00:00,DK1,DK1,R04x,Preliminary,FossilGas,2897,16.50515,8633.134235
461,2023-01-01T13:00:00,2023-01-01T14:00:00,DK1,DK1,R05x,Preliminary,Coal,40917,233.109834,169431.201254
462,2023-01-01T13:00:00,2023-01-01T14:00:00,DK1,DK1,R06x,Preliminary,Fossil Oil,845,4.817922,3221.696387
463,2023-01-01T13:00:00,2023-01-01T14:00:00,DK1,DK1,R11x,Preliminary,Hydro,503,2.867188,0.0
464,2023-01-01T13:00:00,2023-01-01T14:00:00,DK1,DK1,R16,Preliminary,Solar,11195,63.783203,0.0
465,2023-01-01T13:00:00,2023-01-01T14:00:00,DK1,DK1,R17,Preliminary,Waste,11445,65.20819,18590.043378
466,2023-01-01T13:00:00,2023-01-01T14:00:00,DK1,DK1,R18,Preliminary,WindOffshore,201195,1146.220978,0.0
467,2023-01-01T13:00:00,2023-01-01T14:00:00,DK1,DK1,R19,Preliminary,WindOnshore,443581,2527.107879,0.0
468,2023-01-01T13:00:00,2023-01-01T14:00:00,DK1,GE,R01,Preliminary,Biomass,22744,129.577224,0.0
469,2023-01-01T13:00:00,2023-01-01T14:00:00,DK1,GE,R02,Preliminary,Brown coal,20708,117.975999,110476.440922
470,2023-01-01T13:00:00,2023-01-01T14:00:00,DK1,GE,R04x,Preliminary,Fossil gas,11387,64.875562,35872.756814
471,2023-01-01T13:00:00,2023-01-01T14:00:00,DK1,GE,R05x,Preliminary,Coal,10419,59.36118,55587.678222
472,2023-01-01T13:00:00,2023-01-01T14:00:00,DK1,GE,R06x,Preliminary,Fossil oil a.o.,992,5.652063,4459.471173
473,2023-01-01T13:00:00,2023-01-01T14:00:00,DK1,GE,R11x,Preliminary,Hydro,17672,100.679221,
474,2023-01-01T13:00:00,2023-01-01T14:00:00,DK1,GE,R14,Preliminary,Nuclear,12483,71.121823,
475,2023-01-01T13:00:00,2023-01-01T14:00:00,DK1,GE,R15x,Preliminary,Other renewable,635,3.623115,
476,2023-01-01T13:00:00,2023-01-01T14:00:00,DK1,GE,R16,Preliminary,Solar,26564,151.337668,
477,2023-01-01T13:00:00,2023-01-01T14:00:00,DK1,GE,R17,Preliminary,Waste,3736,21.289445,9019.422576
478,2023-01-01T13:00:00,2023-01-01T14:00:00,DK1,GE,R18,Preliminary,Offshore,33385,190.199238,
479,2023-01-01T13:00:00,2023-01-01T14:00:00,DK1,GE,R19,Preliminary,Onshore,104055,592.807449,
480,2023-01-01T13:00:00,2023-01-01T14:00:00,DK2,DK1,R01-1,Preliminary,BioGas,1535,4.173513,6.7e-05
481,2023-01-01T13:00:00,2023-01-01T14:00:00,DK2,DK1,R01-2,Preliminary,Straw,290,0.789324,0.0
482,2023-01-01T13:00:00,2023-01-01T14:00:00,DK2,DK1,R01-3,Preliminary,Wood,2412,6.556353,0.0
483,2023-01-01T13:00:00,2023-01-01T14:00:00,DK2,DK1,R04x,Preliminary,FossilGas,542,1.474644,771.322884
484,2023-01-01T13:00:00,2023-01-01T14:00:00,DK2,DK1,R05x,Preliminary,Coal,7664,20.827077,15137.742479
485,2023-01-01T13:00:00,2023-01-01T14:00:00,DK2,DK1,R06x,Preliminary,Fossil Oil,158,0.430455,287.840787
486,2023-01-01T13:00:00,2023-01-01T14:00:00,DK2,DK1,R11x,Preliminary,Hydro,94,0.256167,0.0
487,2023-01-01T13:00:00,2023-01-01T14:00:00,DK2,DK1,R16,Preliminary,Solar,2097,5.698677,0.0
488,2023-01-01T13:00:00,2023-01-01T14:00:00,DK2,DK1,R17,Preliminary,Waste,2143,5.825992,1660.917749
489,2023-01-01T13:00:00,2023-01-01T14:00:00,DK2,DK1,R18,Preliminary,WindOffshore,37685,102.408517,0.0
490,2023-01-01T13:00:00,2023-01-01T14:00:00,DK2,DK1,R19,Preliminary,WindOnshore,83085,225.783138,0.0
491,2023-01-01T13:00:00,2023-01-01T14:00:00,DK2,DK2,R01-1,Preliminary,BioGas,3689,10.027081,0.0
492,2023-01-01T13:00:00,2023-01-01T14:00:00,DK2,DK2,R01-2,Preliminary,Straw,7864,21.370682,0.0
493,2023-01-01T13:00:00,2023-01-01T14:00:00,DK2,DK2,R01-3,Preliminary,Wood,63221,171.803122,0.0
494,2023-01-01T13:00:00,2023-01-01T14:00:00,DK2,DK2,R04x,Preliminary,FossilGas,938,2.551569,1062.351511
495,2023-01-01T13:00:00,2023-01-01T14:00:00,DK2,DK2,R05x,Preliminary,Coal,1,0.005098,3.553243
496,2023-01-01T13:00:00,2023-01-01T14:00:00,DK2,DK2,R06x,Preliminary,Fossil Oil,351,0.95439,581.683224
497,2023-01-01T13:00:00,2023-01-01T14:00:00,DK2,DK2,R16,Preliminary,Solar,9691,26.336721,0.0
498,2023-01-01T13:00:00,2023-01-01T14:00:00,DK2,DK2,R17,Preliminary,Waste,27173,73.844691,26930.910327
499,2023-01-01T13:00:00,2023-01-01T14:00:00,DK2,DK2,R18,Preliminary,WindOffshore,347353,943.925233,0.0
500,2023-01-01T13:00:00,2023-01-01T14:00:00,DK2,DK2,R19,Preliminary,WindOnshore,182238,495.229192,0.0
501,2023-01-01T13:00:00,2023-01-01T14:00:00,DK2,GE,R01,Preliminary,Biomass,18877,51.298849,0.0
502,2023-01-01T13:00:00,2023-01-01T14:00:00,DK2,GE,R02,Preliminary,Brown coal,17187,46.705994,43736.963618
503,2023-01-01T13:00:00,2023-01-01T14:00:00,DK2,GE,R04x,Preliminary,Fossil gas,9451,25.683848,14201.810328
504,2023-01-01T13:00:00,2023-01-01T14:00:00,DK2,GE,R05x,Preliminary,Coal,8648,23.500737,22006.830051
505,2023-01-01T13:00:00,2023-01-01T14:00:00,DK2,GE,R06x,Preliminary,Fossil oil a.o.,823,2.237618,1765.478022
506,2023-01-01T13:00:00,2023-01-01T14:00:00,DK2,GE,R11x,Preliminary,Hydro,14667,39.858303,
507,2023-01-01T13:00:00,2023-01-01T14:00:00,DK2,GE,R14,Preliminary,Nuclear,10361,28.156705,
508,2023-01-01T13:00:00,2023-01-01T14:00:00,DK2,GE,R15x,Preliminary,Other renewable,527,1.43437,
509,2023-01-01T13:00:00,2023-01-01T14:00:00,DK2,GE,R16,Preliminary,Solar,22047,59.91368,
510,2023-01-01T13:00:00,2023-01-01T14:00:00,DK2,GE,R17,Preliminary,Waste,3101,8.428364,3570.735568
511,2023-01-01T13:00:00,2023-01-01T14:00:00,DK2,GE,R18,Preliminary,Offshore,27709,75.298743,
512,2023-01-01T13:00:00,2023-01-01T14:00:00,DK2,GE,R19,Preliminary,Onshore,86362,234.688931,
513,2023-01-01T12:00:00,2023-01-01T13:00:00,DK1,DK1,R01-1,Preliminary,BioGas,8487,45.490316,0.303693
514,2023-01-01T12:00:00,2023-01-01T13:00:00,DK1,DK1,R01-2,Preliminary,Straw,1670,8.956032,0.0
515,2023-01-01T12:00:00,2023-01-01T13:00:00,DK1,DK1,R01-3,Preliminary,Wood,14429,77.338255,0.0
516,2023-01-01T12:00:00,2023-01-01T13:00:00,DK1,DK1,R04x,Preliminary,FossilGas,3188,17.089101,8616.401335
517,2023-01-01T12:00:00,2023-01-01T13:00:00,DK1,DK1,R05x,Preliminary,Coal,42343,226.954804,164542.920203
518,2023-01-01T12:00:00,2023-01-01T13:00:00,DK1,DK1,R06x,Preliminary,Fossil Oil,886,4.750089,3134.244474
519,2023-01-01T12:00:00,2023-01-01T13:00:00,DK1,DK1,R11x,Preliminary,Hydro,535,2.867602,0.0
520,2023-01-01T12:00:00,2023-01-01T13:00:00,DK1,DK1,R16,Preliminary,Solar,17317,92.822401,0.0
521,2023-01-01T12:00:00,2023-01-01T13:00:00,DK1,DK1,R17,Preliminary,Waste,11911,63.844228,17819.879324
522,2023-01-01T12:00:00,2023-01-01T13:00:00,DK1,DK1,R18,Preliminary,WindOffshore,65651,351.884888,0.0
523,2023-01-01T12:00:00,2023-01-01T13:00:00,DK1,DK1,R19,Preliminary,WindOnshore,418853,2245.010174,0.0
524,2023-01-01T12:00:00,2023-01-01T13:00:00,DK1,GE,R01,Preliminary,Biomass,35911,192.482913,0.0
525,2023-01-01T12:00:00,2023-01-01T13:00:00,DK1,GE,R02,Preliminary,Brown coal,32130,172.213668,161266.302752
526,2023-01-01T12:00:00,2023-01-01T13:00:00,DK1,GE,R04x,Preliminary,Fossil gas,17764,95.21836,52650.720642
527,2023-01-01T12:00:00,2023-01-01T13:00:00,DK1,GE,R05x,Preliminary,Coal,16361,87.697723,82122.90997
528,2023-01-01T12:00:00,2023-01-01T13:00:00,DK1,GE,R06x,Preliminary,Fossil oil a.o.,1563,8.377672,6609.973886
529,2023-01-01T12:00:00,2023-01-01T13:00:00,DK1,GE,R11x,Preliminary,Hydro,24742,132.617906,
530,2023-01-01T12:00:00,2023-01-01T13:00:00,DK1,GE,R14,Preliminary,Nuclear,19635,105.245839,
531,2023-01-01T12:00:00,2023-01-01T13:00:00,DK1,GE,R15x,Preliminary,Other renewable,999,5.356565,
532,2023-01-01T12:00:00,2023-01-01T13:00:00,DK1,GE,R16,Preliminary,Solar,64669,346.623507,
533,2023-01-01T12:00:00,2023-01-01T13:00:00,DK1,GE,R17,Preliminary,Waste,5850,31.357353,13284.762264
534,2023-01-01T12:00:00,2023-01-01T13:00:00,DK1,GE,R18,Preliminary,Offshore,32489,174.142025,
535,2023-01-01T12:00:00,2023-01-01T13:00:00,DK1,GE,R19,Preliminary,Onshore,162606,871.556468,
536,2023-01-01T12:00:00,2023-01-01T13:00:00,DK2,DK1,R01-1,Preliminary,BioGas,1389,3.741141,0.024976
537,2023-01-01T12:00:00,2023-01-01T13:00:00,DK2,DK1,R01-2,Preliminary,Straw,273,0.736547,0.0
538,2023-01-01T12:00:00,2023-01-01T13:00:00,DK2,DK1,R01-3,Preliminary,Wood,2363,6.360327,0.0
539,2023-01-01T12:00:00,2023-01-01T13:00:00,DK2,DK1,R04x,Preliminary,FossilGas,522,1.405414,708.616057
540,2023-01-01T12:00:00,2023-01-01T13:00:00,DK2,DK1,R05x,Preliminary,Coal,6934,18.664848,13532.071081
541,2023-01-01T12:00:00,2023-01-01T13:00:00,DK2,DK1,R06x,Preliminary,Fossil Oil,145,0.390649,257.761434
542,2023-01-01T12:00:00,2023-01-01T13:00:00,DK2,DK1,R11x,Preliminary,Hydro,87,0.235833,0.0
543,2023-01-01T12:00:00,2023-01-01T13:00:00,DK2,DK1,R16,Preliminary,Solar,2836,7.633749,0.0
544,2023-01-01T12:00:00,2023-01-01T13:00:00,DK2,DK1,R17,Preliminary,Waste,1950,5.250573,1465.513517
545,2023-01-01T12:00:00,2023-01-01T13:00:00,DK2,DK1,R18,Preliminary,WindOffshore,10751,28.939144,0.0
546,2023-01-01T12:00:00,2023-01-01T13:00:00,DK2,DK1,R19,Preliminary,WindOnshore,68595,184.630473,0.0
547,2023-01-01T12:00:00,2023-01-01T13:00:00,DK2,DK2,R01-1,Preliminary,BioGas,3435,9.247204,0.0
548,2023-01-01T12:00:00,2023-01-01T13:00:00,DK2,DK2,R01-2,Preliminary,Straw,7949,21.395527,0.0
549,2023-01-01T12:00:00,2023-01-01T13:00:00,DK2,DK2,R01-3,Preliminary,Wood,64111,172.562119,0.0
550,2023-01-01T12:00:00,2023-01-01T13:00:00,DK2,DK2,R04x,Preliminary,FossilGas,938,2.526058,1051.958827
551,2023-01-01T12:00:00,2023-01-01T13:00:00,DK2,DK2,R05x,Preliminary,Coal,1,0.005026,3.50294
552,2023-01-01T12:00:00,2023-01-01T13:00:00,DK2,DK2,R06x,Preliminary,Fossil Oil,371,0.998771,611.916972
553,2023-01-01T12:00:00,2023-01-01T13:00:00,DK2,DK2,R16,Preliminary,Solar,18581,50.012866,0.0
554,2023-01-01T12:00:00,2023-01-01T13:00:00,DK2,DK2,R17,Preliminary,Waste,27888,75.065039,27482.125485
555,2023-01-01T12:00:00,2023-01-01T13:00:00,DK2,DK2,R18,Preliminary,WindOffshore,352983,950.080725,0.0
556,2023-01-01T12:00:00,2023-01-01T13:00:00,DK2,DK2,R19,Preliminary,WindOnshore,193062,519.641076,0.0
557,2023-01-01T12:00:00,2023-01-01T13:00:00,DK2,GE,R01,Preliminary,Biomass,20333,54.730138,0.0
558,2023-01-01T12:00:00,2023-01-01T13:00:00,DK2,GE,R02,Preliminary,Brown coal,18192,48.966828,45854.080329
559,2023-01-01T12:00:00,2023-01-01T13:00:00,DK2,GE,R04x,Preliminary,Fossil gas,10058,27.074164,14970.58178
560,2023-01-01T12:00:00,2023-01-01T13:00:00,DK2,GE,R05x,Preliminary,Coal,9264,24.935764,23350.634611
561,2023-01-01T12:00:00,2023-01-01T13:00:00,DK2,GE,R06x,Preliminary,Fossil oil a.o.,885,2.382088,1879.464391
562,2023-01-01T12:00:00,2023-01-01T13:00:00,DK2,GE,R11x,Preliminary,Hydro,14009,37.708263,
563,2023-01-01T12:00:00,2023-01-01T13:00:00,DK2,GE,R14,Preliminary,Nuclear,11118,29.925354,
564,2023-01-01T12:00:00,2023-01-01T13:00:00,DK2,GE,R15x,Preliminary,Other renewable,565,1.523073,
565,2023-01-01T12:00:00,2023-01-01T13:00:00,DK2,GE,R16,Preliminary,Solar,36617,98.558111,
566,2023-01-01T12:00:00,2023-01-01T13:00:00,DK2,GE,R17,Preliminary,Waste,3312,8.916076,3777.357983
567,2023-01-01T12:00:00,2023-01-01T13:00:00,DK2,GE,R18,Preliminary,Offshore,18396,49.515133,
568,2023-01-01T12:00:00,2023-01-01T13:00:00,DK2,GE,R19,Preliminary,Onshore,92071,247.816312,
569,2023-01-01T11:00:00,2023-01-01T12:00:00,DK1,DK1,R01-1,Preliminary,BioGas,8451,46.150346,0.492286
570,2023-01-01T11:00:00,2023-01-01T12:00:00,DK1,DK1,R01-2,Preliminary,Straw,1589,8.681505,0.0
571,2023-01-01T11:00:00,2023-01-01T12:00:00,DK1,DK1,R01-3,Preliminary,Wood,12553,68.549331,0.0
572,2023-01-01T11:00:00,2023-01-01T12:00:00,DK1,DK1,R04x,Preliminary,FossilGas,2994,16.351235,8578.133861
573,2023-01-01T11:00:00,2023-01-01T12:00:00,DK1,DK1,R05x,Preliminary,Coal,23222,126.807384,87601.899637
574,2023-01-01T11:00:00,2023-01-01T12:00:00,DK1,DK1,R06x,Preliminary,Fossil Oil,516,2.819792,1918.940139
575,2023-01-01T11:00:00,2023-01-01T12:00:00,DK1,DK1,R11x,Preliminary,Hydro,525,2.870367,0.0
576,2023-01-01T11:00:00,2023-01-01T12:00:00,DK1,DK1,R16,Preliminary,Solar,20760,113.365809,0.0
577,2023-01-01T11:00:00,2023-01-01T12:00:00,DK1,DK1,R17,Preliminary,Waste,11848,64.699422,18327.399122
578,2023-01-01T11:00:00,2023-01-01T12:00:00,DK1,DK1,R18,Preliminary,WindOffshore,143848,785.502195,0.0
579,2023-01-01T11:00:00,2023-01-01T12:00:00,DK1,DK1,R19,Preliminary,WindOnshore,377853,2063.323416,0.0
580,2023-01-01T11:00:00,2023-01-01T12:00:00,DK1,GE,R01,Preliminary,Biomass,33332,182.015504,0.0
581,2023-01-01T11:00:00,2023-01-01T12:00:00,DK1,GE,R02,Preliminary,Brown coal,28407,155.121785,145260.925576
582,2023-01-01T11:00:00,2023-01-01T12:00:00,DK1,GE,R04x,Preliminary,Fossil gas,16273,88.863524,49136.832166
583,2023-01-01T11:00:00,2023-01-01T12:00:00,DK1,GE,R05x,Preliminary,Coal,14973,81.763342,76565.768204
584,2023-01-01T11:00:00,2023-01-01T12:00:00,DK1,GE,R06x,Preliminary,Fossil oil a.o.,1446,7.89921,6232.46768
585,2023-01-01T11:00:00,2023-01-01T12:00:00,DK1,GE,R11x,Preliminary,Hydro,21805,119.0747,
586,2023-01-01T11:00:00,2023-01-01T12:00:00,DK1,GE,R14,Preliminary,Nuclear,18214,99.463229,
587,2023-01-01T11:00:00,2023-01-01T12:00:00,DK1,GE,R15x,Preliminary,Other renewable,929,5.077346,
588,2023-01-01T11:00:00,2023-01-01T12:00:00,DK1,GE,R16,Preliminary,Solar,68524,374.185677,
589,2023-01-01T11:00:00,2023-01-01T12:00:00,DK1,GE,R17,Preliminary,Waste,5345,29.189642,12366.395997
590,2023-01-01T11:00:00,2023-01-01T12:00:00,DK1,GE,R18,Preliminary,Offshore,26881,146.787678,
591,2023-01-01T11:00:00,2023-01-01T12:00:00,DK1,GE,R19,Preliminary,Onshore,159702,872.078364,
592,2023-01-01T11:00:00,2023-01-01T12:00:00,DK2,DK1,R01-1,Preliminary,BioGas,1282,3.455799,0.036863
593,2023-01-01T11:00:00,2023-01-01T12:00:00,DK2,DK1,R01-2,Preliminary,Straw,241,0.650083,0.0
594,2023-01-01T11:00:00,2023-01-01T12:00:00,DK2,DK1,R01-3,Preliminary,Wood,1905,5.133064,0.0
595,2023-01-01T11:00:00,2023-01-01T12:00:00,DK2,DK1,R04x,Preliminary,FossilGas,454,1.224402,642.341998
596,2023-01-01T11:00:00,2023-01-01T12:00:00,DK2,DK1,R05x,Preliminary,Coal,3524,9.495504,6559.745992
597,2023-01-01T11:00:00,2023-01-01T12:00:00,DK2,DK1,R06x,Preliminary,Fossil Oil,78,0.21115,143.692773
598,2023-01-01T11:00:00,2023-01-01T12:00:00,DK2,DK1,R11x,Preliminary,Hydro,79,0.214937,0.0
599,2023-01-01T11:00:00,2023-01-01T12:00:00,DK2,DK1,R16,Preliminary,Solar,3150,8.488982,0.0
600,2023-01-01T11:00:00,2023-01-01T12:00:00,DK2,DK1,R17,Preliminary,Waste,1798,4.844778,1372.379862
601,2023-01-01T11:00:00,2023-01-01T12:00:00,DK2,DK1,R18,Preliminary,WindOffshore,21829,58.819442,0.0
602,2023-01-01T11:00:00,2023-01-01T12:00:00,DK2,DK1,R19,Preliminary,WindOnshore,57341,154.504384,0.0
603,2023-01-01T11:00:00,2023-01-01T12:00:00,DK2,DK2,R01-1,Preliminary,BioGas,3498,9.425951,0.0
604,2023-01-01T11:00:00,2023-01-01T12:00:00,DK2,DK2,R01-2,Preliminary,Straw,7818,21.067532,0.0
605,2023-01-01T11:00:00,2023-01-01T12:00:00,DK2,DK2,R01-3,Preliminary,Wood,62642,168.789133,0.0
606,2023-01-01T11:00:00,2023-01-01T12:00:00,DK2,DK2,R04x,Preliminary,FossilGas,932,2.512151,1046.837894
607,2023-01-01T11:00:00,2023-01-01T12:00:00,DK2,DK2,R05x,Preliminary,Coal,1,0.005,3.484344
608,2023-01-01T11:00:00,2023-01-01T12:00:00,DK2,DK2,R06x,Preliminary,Fossil Oil,416,1.12263,694.852369
609,2023-01-01T11:00:00,2023-01-01T12:00:00,DK2,DK2,R16,Preliminary,Solar,22454,60.503365,0.0
610,2023-01-01T11:00:00,2023-01-01T12:00:00,DK2,DK2,R17,Preliminary,Waste,27817,74.952918,27391.239245
611,2023-01-01T11:00:00,2023-01-01T12:00:00,DK2,DK2,R18,Preliminary,WindOffshore,352206,949.010018,0.0
612,2023-01-01T11:00:00,2023-01-01T12:00:00,DK2,DK2,R19,Preliminary,WindOnshore,204381,550.698645,0.0
613,2023-01-01T11:00:00,2023-01-01T12:00:00,DK2,GE,R01,Preliminary,Biomass,19042,51.31059,0.0
614,2023-01-01T11:00:00,2023-01-01T12:00:00,DK2,GE,R02,Preliminary,Brown coal,16229,43.729189,40949.389928
615,2023-01-01T11:00:00,2023-01-01T12:00:00,DK2,GE,R04x,Preliminary,Fossil gas,9297,25.050832,13851.786309
616,2023-01-01T11:00:00,2023-01-01T12:00:00,DK2,GE,R05x,Preliminary,Coal,8554,23.049275,21584.066636
617,2023-01-01T11:00:00,2023-01-01T12:00:00,DK2,GE,R06x,Preliminary,Fossil oil a.o.,826,2.226806,1756.947013
618,2023-01-01T11:00:00,2023-01-01T12:00:00,DK2,GE,R11x,Preliminary,Hydro,12457,33.567433,
619,2023-01-01T11:00:00,2023-01-01T12:00:00,DK2,GE,R14,Preliminary,Nuclear,10406,28.038914,
620,2023-01-01T11:00:00,2023-01-01T12:00:00,DK2,GE,R15x,Preliminary,Other renewable,531,1.431315,
621,2023-01-01T11:00:00,2023-01-01T12:00:00,DK2,GE,R16,Preliminary,Solar,39148,105.483805,
622,2023-01-01T11:00:00,2023-01-01T12:00:00,DK2,GE,R17,Preliminary,Waste,3053,8.228627,3486.115552
623,2023-01-01T11:00:00,2023-01-01T12:00:00,DK2,GE,R18,Preliminary,Offshore,15357,41.379785,
624,2023-01-01T11:00:00,2023-01-01T12:00:00,DK2,GE,R19,Preliminary,Onshore,91239,245.840902,
625,2023-01-01T10:00:00,2023-01-01T11:00:00,DK1,DK1,R01-1,Preliminary,BioGas,8445,46.092893,0.005808
626,2023-01-01T10:00:00,2023-01-01T11:00:00,DK1,DK1,R01-2,Preliminary,Straw,1616,8.824827,0.0
627,2023-01-01T10:00:00,2023-01-01T11:00:00,DK1,DK1,R01-3,Preliminary,Wood,13309,72.641906,0.0
628,2023-01-01T10:00:00,2023-01-01T11:00:00,DK1,DK1,R04x,Preliminary,FossilGas,3062,16.715554,8590.202496
629,2023-01-01T10:00:00,2023-01-01T11:00:00,DK1,DK1,R05x,Preliminary,Coal,23687,129.280339,89437.454269
630,2023-01-01T10:00:00,2023-01-01T11:00:00,DK1,DK1,R06x,Preliminary,Fossil Oil,555,3.029381,2051.118516
631,2023-01-01T10:00:00,2023-01-01T11:00:00,DK1,DK1,R11x,Preliminary,Hydro,526,2.871713,0.0
632,2023-01-01T10:00:00,2023-01-01T11:00:00,DK1,DK1,R16,Preliminary,Solar,13741,74.997865,0.0
633,2023-01-01T10:00:00,2023-01-01T11:00:00,DK1,DK1,R17,Preliminary,Waste,11483,62.674502,17407.273404
634,2023-01-01T10:00:00,2023-01-01T11:00:00,DK1,DK1,R18,Preliminary,WindOffshore,122236,667.138689,0.0
635,2023-01-01T10:00:00,2023-01-01T11:00:00,DK1,DK1,R19,Preliminary,WindOnshore,356460,1945.476566,0.0
636,2023-01-01T10:00:00,2023-01-01T11:00:00,DK1,GE,R01,Preliminary,Biomass,37164,202.836218,0.0
637,2023-01-01T10:00:00,2023-01-01T11:00:00,DK1,GE,R02,Preliminary,Brown coal,31285,170.748927,159894.673527
638,2023-01-01T10:00:00,2023-01-01T11:00:00,DK1,GE,R04x,Preliminary,Fossil gas,18040,98.460501,54443.453411
639,2023-01-01T10:00:00,2023-01-01T11:00:00,DK1,GE,R05x,Preliminary,Coal,16402,89.520713,83830.015582
640,2023-01-01T10:00:00,2023-01-01T11:00:00,DK1,GE,R06x,Preliminary,Fossil oil a.o.,1599,8.727748,6886.183283
641,2023-01-01T10:00:00,2023-01-01T11:00:00,DK1,GE,R11x,Preliminary,Hydro,22866,124.799965,
642,2023-01-01T10:00:00,2023-01-01T11:00:00,DK1,GE,R14,Preliminary,Nuclear,20136,109.90031,
643,2023-01-01T10:00:00,2023-01-01T11:00:00,DK1,GE,R15x,Preliminary,Other renewable,1032,5.63621,
644,2023-01-01T10:00:00,2023-01-01T11:00:00,DK1,GE,R16,Preliminary,Solar,72145,393.752702,
645,2023-01-01T10:00:00,2023-01-01T11:00:00,DK1,GE,R17,Preliminary,Waste,5881,32.098435,13598.726761
646,2023-01-01T10:00:00,2023-01-01T11:00:00,DK1,GE,R18,Preliminary,Offshore,29442,160.693071,
647,2023-01-01T10:00:00,2023-01-01T11:00:00,DK1,GE,R19,Preliminary,Onshore,188878,1030.85527,
648,2023-01-01T10:00:00,2023-01-01T11:00:00,DK2,DK1,R01-1,Preliminary,BioGas,1378,3.620528,0.000456
649,2023-01-01T10:00:00,2023-01-01T11:00:00,DK2,DK1,R01-2,Preliminary,Straw,263,0.693177,0.0
650,2023-01-01T10:00:00,2023-01-01T11:00:00,DK2,DK1,R01-3,Preliminary,Wood,2172,5.705913,0.0
651,2023-01-01T10:00:00,2023-01-01T11:00:00,DK2,DK1,R04x,Preliminary,FossilGas,499,1.312982,674.747548
652,2023-01-01T10:00:00,2023-01-01T11:00:00,DK2,DK1,R05x,Preliminary,Coal,3866,10.154777,7025.17816
653,2023-01-01T10:00:00,2023-01-01T11:00:00,DK2,DK1,R06x,Preliminary,Fossil Oil,90,0.237953,161.112289
654,2023-01-01T10:00:00,2023-01-01T11:00:00,DK2,DK1,R11x,Preliminary,Hydro,85,0.225569,0.0
655,2023-01-01T10:00:00,2023-01-01T11:00:00,DK2,DK1,R16,Preliminary,Solar,2243,5.89097,0.0
656,2023-01-01T10:00:00,2023-01-01T11:00:00,DK2,DK1,R17,Preliminary,Waste,1874,4.922988,1367.31527
657,2023-01-01T10:00:00,2023-01-01T11:00:00,DK2,DK1,R18,Preliminary,WindOffshore,19953,52.402745,0.0
658,2023-01-01T10:00:00,2023-01-01T11:00:00,DK2,DK1,R19,Preliminary,WindOnshore,58186,152.814272,0.0
659,2023-01-01T10:00:00,2023-01-01T11:00:00,DK2,DK2,R01-1,Preliminary,BioGas,3702,9.724317,0.0
660,2023-01-01T10:00:00,2023-01-01T11:00:00,DK2,DK2,R01-2,Preliminary,Straw,7940,20.853242,0.0
661,2023-01-01T10:00:00,2023-01-01T11:00:00,DK2,DK2,R01-3,Preliminary,Wood,63759,167.450109,0.0
662,2023-01-01T10:00:00,2023-01-01T11:00:00,DK2,DK2,R04x,Preliminary,FossilGas,935,2.455725,1020.924797
663,2023-01-01T10:00:00,2023-01-01T11:00:00,DK2,DK2,R05x,Preliminary,Coal,1,0.004933,3.437788
664,2023-01-01T10:00:00,2023-01-01T11:00:00,DK2,DK2,R06x,Preliminary,Fossil Oil,437,1.147996,711.409322
665,2023-01-01T10:00:00,2023-01-01T11:00:00,DK2,DK2,R16,Preliminary,Solar,18759,49.26873,0.0
666,2023-01-01T10:00:00,2023-01-01T11:00:00,DK2,DK2,R17,Preliminary,Waste,24591,64.583519,23537.091742
667,2023-01-01T10:00:00,2023-01-01T11:00:00,DK2,DK2,R18,Preliminary,WindOffshore,361541,949.514901,0.0
668,2023-01-01T10:00:00,2023-01-01T11:00:00,DK2,DK2,R19,Preliminary,WindOnshore,201325,528.740517,0.0
669,2023-01-01T10:00:00,2023-01-01T11:00:00,DK2,GE,R01,Preliminary,Biomass,18912,49.669876,0.0
670,2023-01-01T10:00:00,2023-01-01T11:00:00,DK2,GE,R02,Preliminary,Brown coal,15920,41.812444,39154.48982
671,2023-01-01T10:00:00,2023-01-01T11:00:00,DK2,GE,R04x,Preliminary,Fossil gas,9180,24.110689,13331.936551
672,2023-01-01T10:00:00,2023-01-01T11:00:00,DK2,GE,R05x,Preliminary,Coal,8346,21.921542,20528.022724
673,2023-01-01T10:00:00,2023-01-01T11:00:00,DK2,GE,R06x,Preliminary,Fossil oil a.o.,813,2.137223,1686.266261
674,2023-01-01T10:00:00,2023-01-01T11:00:00,DK2,GE,R11x,Preliminary,Hydro,11636,30.560611,
675,2023-01-01T10:00:00,2023-01-01T11:00:00,DK2,GE,R14,Preliminary,Nuclear,10247,26.912032,
676,2023-01-01T10:00:00,2023-01-01T11:00:00,DK2,GE,R15x,Preliminary,Other renewable,525,1.380177,
677,2023-01-01T10:00:00,2023-01-01T11:00:00,DK2,GE,R16,Preliminary,Solar,36713,96.420887,
678,2023-01-01T10:00:00,2023-01-01T11:00:00,DK2,GE,R17,Preliminary,Waste,2992,7.860161,3330.012168
679,2023-01-01T10:00:00,2023-01-01T11:00:00,DK2,GE,R18,Preliminary,Offshore,14983,39.349999,
680,2023-01-01T10:00:00,2023-01-01T11:00:00,DK2,GE,R19,Preliminary,Onshore,96117,252.4325,
681,2023-01-01T09:00:00,2023-01-01T10:00:00,DK1,DK1,R01-1,Preliminary,BioGas,9061,49.621454,0.0
682,2023-01-01T09:00:00,2023-01-01T10:00:00,DK1,DK1,R01-2,Preliminary,Straw,1629,8.923908,0.0
683,2023-01-01T09:00:00,2023-01-01T10:00:00,DK1,DK1,R01-3,Preliminary,Wood,13720,75.136833,0.0
684,2023-01-01T09:00:00,2023-01-01T10:00:00,DK1,DK1,R04x,Preliminary,FossilGas,2964,16.235337,8437.419006
685,2023-01-01T09:00:00,2023-01-01T10:00:00,DK1,DK1,R05x,Preliminary,Coal,23925,131.020198,90702.846135
686,2023-01-01T09:00:00,2023-01-01T10:00:00,DK1,DK1,R06x,Preliminary,Fossil Oil,578,3.168956,2147.972635
687,2023-01-01T09:00:00,2023-01-01T10:00:00,DK1,DK1,R11x,Preliminary,Hydro,523,2.866192,0.0
688,2023-01-01T09:00:00,2023-01-01T10:00:00,DK1,DK1,R16,Preliminary,Solar,7834,42.90224,0.0
689,2023-01-01T09:00:00,2023-01-01T10:00:00,DK1,DK1,R17,Preliminary,Waste,11501,62.985738,17546.675806
690,2023-01-01T09:00:00,2023-01-01T10:00:00,DK1,DK1,R18,Preliminary,WindOffshore,150427,823.775867,0.0
691,2023-01-01T09:00:00,2023-01-01T10:00:00,DK1,DK1,R19,Preliminary,WindOnshore,343137,1879.10471,0.0
692,2023-01-01T09:00:00,2023-01-01T10:00:00,DK1,GE,R01,Preliminary,Biomass,36777,201.403059,0.0
693,2023-01-01T09:00:00,2023-01-01T10:00:00,DK1,GE,R02,Preliminary,Brown coal,30834,168.85753,158123.509447
694,2023-01-01T09:00:00,2023-01-01T10:00:00,DK1,GE,R04x,Preliminary,Fossil gas,17742,97.159869,53724.272712
695,2023-01-01T09:00:00,2023-01-01T10:00:00,DK1,GE,R05x,Preliminary,Coal,16173,88.569002,82938.803065
696,2023-01-01T09:00:00,2023-01-01T10:00:00,DK1,GE,R06x,Preliminary,Fossil oil a.o.,1586,8.690634,6856.900461
697,2023-01-01T09:00:00,2023-01-01T10:00:00,DK1,GE,R11x,Preliminary,Hydro,27280,149.392301,
698,2023-01-01T09:00:00,2023-01-01T10:00:00,DK1,GE,R14,Preliminary,Nuclear,19950,109.253595,
699,2023-01-01T09:00:00,2023-01-01T10:00:00,DK1,GE,R15x,Preliminary,Other renewable,1030,5.642261,
700,2023-01-01T09:00:00,2023-01-01T10:00:00,DK1,GE,R16,Preliminary,Solar,54365,297.72047,
701,2023-01-01T09:00:00,2023-01-01T10:00:00,DK1,GE,R17,Preliminary,Waste,5799,31.758465,13454.695898
702,2023-01-01T09:00:00,2023-01-01T10:00:00,DK1,GE,R18,Preliminary,Offshore,27498,150.589478,
703,2023-01-01T09:00:00,2023-01-01T10:00:00,DK1,GE,R19,Preliminary,Onshore,195656,1071.463336,
704,2023-01-01T09:00:00,2023-01-01T10:00:00,DK2,DK1,R01-1,Preliminary,BioGas,1844,5.039853,0.0
705,2023-01-01T09:00:00,2023-01-01T10:00:00,DK2,DK1,R01-2,Preliminary,Straw,331,0.906366,0.0
706,2023-01-01T09:00:00,2023-01-01T10:00:00,DK2,DK1,R01-3,Preliminary,Wood,2793,7.631348,0.0
707,2023-01-01T09:00:00,2023-01-01T10:00:00,DK2,DK1,R04x,Preliminary,FossilGas,603,1.648958,856.954996
708,2023-01-01T09:00:00,2023-01-01T10:00:00,DK2,DK1,R05x,Preliminary,Coal,4871,13.307199,9212.326314
709,2023-01-01T09:00:00,2023-01-01T10:00:00,DK2,DK1,R06x,Preliminary,Fossil Oil,117,0.321858,218.161013
710,2023-01-01T09:00:00,2023-01-01T10:00:00,DK2,DK1,R11x,Preliminary,Hydro,106,0.291108,0.0
711,2023-01-01T09:00:00,2023-01-01T10:00:00,DK2,DK1,R16,Preliminary,Solar,1595,4.357409,0.0
712,2023-01-01T09:00:00,2023-01-01T10:00:00,DK2,DK1,R17,Preliminary,Waste,2341,6.39721,1782.145877
713,2023-01-01T09:00:00,2023-01-01T10:00:00,DK2,DK1,R18,Preliminary,WindOffshore,30626,83.667629,0.0
714,2023-01-01T09:00:00,2023-01-01T10:00:00,DK2,DK1,R19,Preliminary,WindOnshore,69861,190.853171,0.0
715,2023-01-01T09:00:00,2023-01-01T10:00:00,DK2,DK2,R01-1,Preliminary,BioGas,3556,9.715951,0.0
716,2023-01-01T09:00:00,2023-01-01T10:00:00,DK2,DK2,R01-2,Preliminary,Straw,7141,19.509323,0.0
717,2023-01-01T09:00:00,2023-01-01T10:00:00,DK2,DK2,R01-3,Preliminary,Wood,59929,163.721362,0.0
718,2023-01-01T09:00:00,2023-01-01T10:00:00,DK2,DK2,R04x,Preliminary,FossilGas,859,2.34793,974.369123
719,2023-01-01T09:00:00,2023-01-01T10:00:00,DK2,DK2,R05x,Preliminary,Coal,1,0.00473,3.296588
720,2023-01-01T09:00:00,2023-01-01T10:00:00,DK2,DK2,R06x,Preliminary,Fossil Oil,382,1.045734,645.20489
721,2023-01-01T09:00:00,2023-01-01T10:00:00,DK2,DK2,R16,Preliminary,Solar,8211,22.433975,0.0
722,2023-01-01T09:00:00,2023-01-01T10:00:00,DK2,DK2,R17,Preliminary,Waste,21631,59.095421,21468.480488
723,2023-01-01T09:00:00,2023-01-01T10:00:00,DK2,DK2,R18,Preliminary,WindOffshore,344108,940.069964,0.0
724,2023-01-01T09:00:00,2023-01-01T10:00:00,DK2,DK2,R19,Preliminary,WindOnshore,183800,502.125334,0.0
725,2023-01-01T09:00:00,2023-01-01T10:00:00,DK2,GE,R01,Preliminary,Biomass,21598,59.004446,0.0
726,2023-01-01T09:00:00,2023-01-01T10:00:00,DK2,GE,R02,Preliminary,Brown coal,18108,49.46968,46324.966639
727,2023-01-01T09:00:00,2023-01-01T10:00:00,DK2,GE,R04x,Preliminary,Fossil gas,10419,28.464633,15739.437796
728,2023-01-01T09:00:00,2023-01-01T10:00:00,DK2,GE,R05x,Preliminary,Coal,9498,25.947793,24298.330454
729,2023-01-01T09:00:00,2023-01-01T10:00:00,DK2,GE,R06x,Preliminary,Fossil oil a.o.,931,2.546069,2008.845403
730,2023-01-01T09:00:00,2023-01-01T10:00:00,DK2,GE,R11x,Preliminary,Hydro,16020,43.767011,
731,2023-01-01T09:00:00,2023-01-01T10:00:00,DK2,GE,R14,Preliminary,Nuclear,11716,32.007696,
732,2023-01-01T09:00:00,2023-01-01T10:00:00,DK2,GE,R15x,Preliminary,Other renewable,605,1.652996,
733,2023-01-01T09:00:00,2023-01-01T10:00:00,DK2,GE,R16,Preliminary,Solar,31927,87.222266,
734,2023-01-01T09:00:00,2023-01-01T10:00:00,DK2,GE,R17,Preliminary,Waste,3405,9.304181,3941.781591
735,2023-01-01T09:00:00,2023-01-01T10:00:00,DK2,GE,R18,Preliminary,Offshore,16149,44.117744,
736,2023-01-01T09:00:00,2023-01-01T10:00:00,DK2,GE,R19,Preliminary,Onshore,114902,313.903375,
737,2023-01-01T08:00:00,2023-01-01T09:00:00,DK1,DK1,R01-1,Preliminary,BioGas,9896,50.595382,0.0
738,2023-01-01T08:00:00,2023-01-01T09:00:00,DK1,DK1,R01-2,Preliminary,Straw,1861,9.514484,0.0
739,2023-01-01T08:00:00,2023-01-01T09:00:00,DK1,DK1,R01-3,Preliminary,Wood,16619,84.968181,0.0
740,2023-01-01T08:00:00,2023-01-01T09:00:00,DK1,DK1,R04x,Preliminary,FossilGas,3228,16.508291,8532.564539
741,2023-01-01T08:00:00,2023-01-01T09:00:00,DK1,DK1,R05x,Preliminary,Coal,26629,136.144693,94529.214336
742,2023-01-01T08:00:00,2023-01-01T09:00:00,DK1,DK1,R06x,Preliminary,Fossil Oil,709,3.62601,2434.523271
743,2023-01-01T08:00:00,2023-01-01T09:00:00,DK1,DK1,R11x,Preliminary,Hydro,561,2.868574,0.0
744,2023-01-01T08:00:00,2023-01-01T09:00:00,DK1,DK1,R16,Preliminary,Solar,1632,8.345755,0.0
745,2023-01-01T08:00:00,2023-01-01T09:00:00,DK1,DK1,R17,Preliminary,Waste,12033,61.523087,17257.893101
746,2023-01-01T08:00:00,2023-01-01T09:00:00,DK1,DK1,R18,Preliminary,WindOffshore,119252,609.681208,0.0
747,2023-01-01T08:00:00,2023-01-01T09:00:00,DK1,DK1,R19,Preliminary,WindOnshore,319753,1634.755057,0.0
748,2023-01-01T08:00:00,2023-01-01T09:00:00,DK1,GE,R01,Preliminary,Biomass,38027,194.415963,0.0
749,2023-01-01T08:00:00,2023-01-01T09:00:00,DK1,GE,R02,Preliminary,Brown coal,31759,162.37243,152050.657082
750,2023-01-01T08:00:00,2023-01-01T09:00:00,DK1,GE,R04x,Preliminary,Fossil gas,18857,96.409298,53309.246546
751,2023-01-01T08:00:00,2023-01-01T09:00:00,DK1,GE,R05x,Preliminary,Coal,17010,86.964551,81436.344912
752,2023-01-01T08:00:00,2023-01-01T09:00:00,DK1,GE,R06x,Preliminary,Fossil oil a.o.,1641,8.39413,6622.959174
753,2023-01-01T08:00:00,2023-01-01T09:00:00,DK1,GE,R11x,Preliminary,Hydro,30113,153.956847,
754,2023-01-01T08:00:00,2023-01-01T09:00:00,DK1,GE,R14,Preliminary,Nuclear,20685,105.757567,
755,2023-01-01T08:00:00,2023-01-01T09:00:00,DK1,GE,R15x,Preliminary,Other renewable,1075,5.499616,
756,2023-01-01T08:00:00,2023-01-01T09:00:00,DK1,GE,R16,Preliminary,Solar,29725,151.973567,
757,2023-01-01T08:00:00,2023-01-01T09:00:00,DK1,GE,R17,Preliminary,Waste,6051,30.93932,13107.659348
758,2023-01-01T08:00:00,2023-01-01T09:00:00,DK1,GE,R18,Preliminary,Offshore,29086,148.703808,
759,2023-01-01T08:00:00,2023-01-01T09:00:00,DK1,GE,R19,Preliminary,Onshore,210780,1077.622904,
760,2023-01-01T08:00:00,2023-01-01T09:00:00,DK1,NL,R01,Preliminary,Biomass,224,1.146658,0.0
761,2023-01-01T08:00:00,2023-01-01T09:00:00,DK1,NL,R04x,Preliminary,Fossil gas,5779,29.545569,16856.339349
762,2023-01-01T08:00:00,2023-01-01T09:00:00,DK1,NL,R05x,Preliminary,Coal,6344,32.437695,31341.030891
763,2023-01-01T08:00:00,2023-01-01T09:00:00,DK1,NL,R06x,Preliminary,Fossil oil a.o.,16867,86.235092,70201.709716
764,2023-01-01T08:00:00,2023-01-01T09:00:00,DK1,NL,R14,Preliminary,Nuclear,2422,12.383911,
765,2023-01-01T08:00:00,2023-01-01T09:00:00,DK1,NL,R16,Preliminary,Solar,28,0.146516,
766,2023-01-01T08:00:00,2023-01-01T09:00:00,DK1,NL,R17,Preliminary,Waste,2075,10.612962,4639.148396
767,2023-01-01T08:00:00,2023-01-01T09:00:00,DK1,NL,R18,Preliminary,Offshore,10400,53.173102,
768,2023-01-01T08:00:00,2023-01-01T09:00:00,DK1,NL,R19,Preliminary,Onshore,8864,45.318493,
769,2023-01-01T08:00:00,2023-01-01T09:00:00,DK2,DK1,R01-1,Preliminary,BioGas,1473,3.510228,0.0
770,2023-01-01T08:00:00,2023-01-01T09:00:00,DK2,DK1,R01-2,Preliminary,Straw,277,0.6601,0.0
771,2023-01-01T08:00:00,2023-01-01T09:00:00,DK2,DK1,R01-3,Preliminary,Wood,2474,5.894958,0.0
772,2023-01-01T08:00:00,2023-01-01T09:00:00,DK2,DK1,R04x,Preliminary,FossilGas,480,1.145319,591.975846
773,2023-01-01T08:00:00,2023-01-01T09:00:00,DK2,DK1,R05x,Preliminary,Coal,3965,9.445504,6558.287534
774,2023-01-01T08:00:00,2023-01-01T09:00:00,DK2,DK1,R06x,Preliminary,Fossil Oil,105,0.251567,168.903378
775,2023-01-01T08:00:00,2023-01-01T09:00:00,DK2,DK1,R11x,Preliminary,Hydro,83,0.199017,0.0
776,2023-01-01T08:00:00,2023-01-01T09:00:00,DK2,DK1,R16,Preliminary,Solar,243,0.579015,0.0
777,2023-01-01T08:00:00,2023-01-01T09:00:00,DK2,DK1,R17,Preliminary,Waste,1792,4.268375,1197.325356
778,2023-01-01T08:00:00,2023-01-01T09:00:00,DK2,DK1,R18,Preliminary,WindOffshore,17758,42.298719,0.0
779,2023-01-01T08:00:00,2023-01-01T09:00:00,DK2,DK1,R19,Preliminary,WindOnshore,47617,113.416723,0.0
780,2023-01-01T08:00:00,2023-01-01T09:00:00,DK2,DK2,R01-1,Preliminary,BioGas,4071,9.698067,0.0
781,2023-01-01T08:00:00,2023-01-01T09:00:00,DK2,DK2,R01-2,Preliminary,Straw,8372,19.941904,0.0
782,2023-01-01T08:00:00,2023-01-01T09:00:00,DK2,DK2,R01-3,Preliminary,Wood,68232,162.516846,0.0
783,2023-01-01T08:00:00,2023-01-01T09:00:00,DK2,DK2,R04x,Preliminary,FossilGas,973,2.318995,963.147949
784,2023-01-01T08:00:00,2023-01-01T09:00:00,DK2,DK2,R05x,Preliminary,Coal,1,0.004673,3.256841
785,2023-01-01T08:00:00,2023-01-01T09:00:00,DK2,DK2,R06x,Preliminary,Fossil Oil,342,0.816131,495.579483
786,2023-01-01T08:00:00,2023-01-01T09:00:00,DK2,DK2,R16,Preliminary,Solar,1601,3.813315,0.0
787,2023-01-01T08:00:00,2023-01-01T09:00:00,DK2,DK2,R17,Preliminary,Waste,24627,58.657201,21377.87792
788,2023-01-01T08:00:00,2023-01-01T09:00:00,DK2,DK2,R18,Preliminary,WindOffshore,399296,951.053684,0.0
789,2023-01-01T08:00:00,2023-01-01T09:00:00,DK2,DK2,R19,Preliminary,WindOnshore,208542,496.711636,0.0
790,2023-01-01T08:00:00,2023-01-01T09:00:00,DK2,GE,R01,Preliminary,Biomass,17471,41.613305,0.0
791,2023-01-01T08:00:00,2023-01-01T09:00:00,DK2,GE,R02,Preliminary,Brown coal,14591,34.754623,32545.323567
792,2023-01-01T08:00:00,2023-01-01T09:00:00,DK2,GE,R04x,Preliminary,Fossil gas,8663,20.6357,11410.451696
793,2023-01-01T08:00:00,2023-01-01T09:00:00,DK2,GE,R05x,Preliminary,Coal,7815,18.614122,17430.849995
794,2023-01-01T08:00:00,2023-01-01T09:00:00,DK2,GE,R06x,Preliminary,Fossil oil a.o.,754,1.796702,1417.595645
795,2023-01-01T08:00:00,2023-01-01T09:00:00,DK2,GE,R11x,Preliminary,Hydro,13835,32.95333,
796,2023-01-01T08:00:00,2023-01-01T09:00:00,DK2,GE,R14,Preliminary,Nuclear,9503,22.636628,
797,2023-01-01T08:00:00,2023-01-01T09:00:00,DK2,GE,R15x,Preliminary,Other renewable,494,1.177152,
798,2023-01-01T08:00:00,2023-01-01T09:00:00,DK2,GE,R16,Preliminary,Solar,13657,32.528823,
799,2023-01-01T08:00:00,2023-01-01T09:00:00,DK2,GE,R17,Preliminary,Waste,2780,6.622334,2805.597969
800,2023-01-01T08:00:00,2023-01-01T09:00:00,DK2,GE,R18,Preliminary,Offshore,13363,31.828955,
801,2023-01-01T08:00:00,2023-01-01T09:00:00,DK2,GE,R19,Preliminary,Onshore,96840,230.657248,
802,2023-01-01T08:00:00,2023-01-01T09:00:00,DK2,NL,R01,Preliminary,Biomass,33,0.079553,0.0
803,2023-01-01T08:00:00,2023-01-01T09:00:00,DK2,NL,R04x,Preliminary,Fossil gas,860,2.049825,1169.466202
804,2023-01-01T08:00:00,2023-01-01T09:00:00,DK2,NL,R05x,Preliminary,Coal,944,2.250476,2174.391225
805,2023-01-01T08:00:00,2023-01-01T09:00:00,DK2,NL,R06x,Preliminary,Fossil oil a.o.,2511,5.982854,4870.483748
806,2023-01-01T08:00:00,2023-01-01T09:00:00,DK2,NL,R14,Preliminary,Nuclear,360,0.859176,
807,2023-01-01T08:00:00,2023-01-01T09:00:00,DK2,NL,R16,Preliminary,Solar,4,0.010165,
808,2023-01-01T08:00:00,2023-01-01T09:00:00,DK2,NL,R17,Preliminary,Waste,309,0.736311,321.856789
809,2023-01-01T08:00:00,2023-01-01T09:00:00,DK2,NL,R18,Preliminary,Offshore,1548,3.689066,
810,2023-01-01T08:00:00,2023-01-01T09:00:00,DK2,NL,R19,Preliminary,Onshore,1320,3.144125,
811,2023-01-01T07:00:00,2023-01-01T08:00:00,DK1,DK1,R01-1,Preliminary,BioGas,10958,50.665682,0.0
812,2023-01-01T07:00:00,2023-01-01T08:00:00,DK1,DK1,R01-2,Preliminary,Straw,1846,8.539349,0.0
813,2023-01-01T07:00:00,2023-01-01T08:00:00,DK1,DK1,R01-3,Preliminary,Wood,14768,68.284923,0.0
814,2023-01-01T07:00:00,2023-01-01T08:00:00,DK1,DK1,R04x,Preliminary,FossilGas,3506,16.211031,8413.849178
815,2023-01-01T07:00:00,2023-01-01T08:00:00,DK1,DK1,R05x,Preliminary,Coal,27496,127.132924,87834.177641
816,2023-01-01T07:00:00,2023-01-01T08:00:00,DK1,DK1,R06x,Preliminary,Fossil Oil,618,2.861087,1955.706183
817,2023-01-01T07:00:00,2023-01-01T08:00:00,DK1,DK1,R11x,Preliminary,Hydro,621,2.873628,0.0
818,2023-01-01T07:00:00,2023-01-01T08:00:00,DK1,DK1,R16,Preliminary,Solar,33,0.157047,0.0
819,2023-01-01T07:00:00,2023-01-01T08:00:00,DK1,DK1,R17,Preliminary,Waste,12588,58.201613,16150.396911
820,2023-01-01T07:00:00,2023-01-01T08:00:00,DK1,DK1,R18,Preliminary,WindOffshore,56331,260.451326,0.0
821,2023-01-01T07:00:00,2023-01-01T08:00:00,DK1,DK1,R19,Preliminary,WindOnshore,311554,1440.489882,0.0
822,2023-01-01T07:00:00,2023-01-01T08:00:00,DK1,GE,R01,Preliminary,Biomass,36670,169.546787,0.0
823,2023-01-01T07:00:00,2023-01-01T08:00:00,DK1,GE,R02,Preliminary,Brown coal,30776,142.298356,133252.662643
824,2023-01-01T07:00:00,2023-01-01T08:00:00,DK1,GE,R04x,Preliminary,Fossil gas,18533,85.688878,47381.420959
825,2023-01-01T07:00:00,2023-01-01T08:00:00,DK1,GE,R05x,Preliminary,Coal,16549,76.515301,71651.337787
826,2023-01-01T07:00:00,2023-01-01T08:00:00,DK1,GE,R06x,Preliminary,Fossil oil a.o.,1590,7.35201,5800.727354
827,2023-01-01T07:00:00,2023-01-01T08:00:00,DK1,GE,R11x,Preliminary,Hydro,38761,179.217995,
828,2023-01-01T07:00:00,2023-01-01T08:00:00,DK1,GE,R14,Preliminary,Nuclear,20005,92.496285,
829,2023-01-01T07:00:00,2023-01-01T08:00:00,DK1,GE,R15x,Preliminary,Other renewable,1047,4.844997,
830,2023-01-01T07:00:00,2023-01-01T08:00:00,DK1,GE,R16,Preliminary,Solar,4396,20.328331,
831,2023-01-01T07:00:00,2023-01-01T08:00:00,DK1,GE,R17,Preliminary,Waste,5907,27.314151,11571.831182
832,2023-01-01T07:00:00,2023-01-01T08:00:00,DK1,GE,R18,Preliminary,Offshore,25324,117.087477,
833,2023-01-01T07:00:00,2023-01-01T08:00:00,DK1,GE,R19,Preliminary,Onshore,214603,992.229432,
834,2023-01-01T07:00:00,2023-01-01T08:00:00,DK1,NL,R01,Preliminary,Biomass,614,2.843328,0.0
835,2023-01-01T07:00:00,2023-01-01T08:00:00,DK1,NL,R04x,Preliminary,Fossil gas,15727,72.714865,41485.288182
836,2023-01-01T07:00:00,2023-01-01T08:00:00,DK1,NL,R05x,Preliminary,Coal,18123,83.797379,80964.330733
837,2023-01-01T07:00:00,2023-01-01T08:00:00,DK1,NL,R06x,Preliminary,Fossil oil a.o.,46150,213.378788,173706.033498
838,2023-01-01T07:00:00,2023-01-01T08:00:00,DK1,NL,R14,Preliminary,Nuclear,6792,31.405839,
839,2023-01-01T07:00:00,2023-01-01T08:00:00,DK1,NL,R16,Preliminary,Solar,27,0.129239,
840,2023-01-01T07:00:00,2023-01-01T08:00:00,DK1,NL,R17,Preliminary,Waste,5775,26.704657,11673.166173
841,2023-01-01T07:00:00,2023-01-01T08:00:00,DK1,NL,R18,Preliminary,Offshore,26988,124.783294,
842,2023-01-01T07:00:00,2023-01-01T08:00:00,DK1,NL,R19,Preliminary,Onshore,25307,117.012612,
843,2023-01-01T07:00:00,2023-01-01T08:00:00,DK2,DK1,R01-1,Preliminary,BioGas,514,1.136361,0.0
844,2023-01-01T07:00:00,2023-01-01T08:00:00,DK2,DK1,R01-2,Preliminary,Straw,86,0.191526,0.0
845,2023-01-01T07:00:00,2023-01-01T08:00:00,DK2,DK1,R01-3,Preliminary,Wood,692,1.531536,0.0
846,2023-01-01T07:00:00,2023-01-01T08:00:00,DK2,DK1,R04x,Preliminary,FossilGas,164,0.363591,188.710959
847,2023-01-01T07:00:00,2023-01-01T08:00:00,DK2,DK1,R05x,Preliminary,Coal,1290,2.851415,1969.998693
848,2023-01-01T07:00:00,2023-01-01T08:00:00,DK2,DK1,R06x,Preliminary,Fossil Oil,29,0.06417,43.863775
849,2023-01-01T07:00:00,2023-01-01T08:00:00,DK2,DK1,R11x,Preliminary,Hydro,29,0.064451,0.0
850,2023-01-01T07:00:00,2023-01-01T08:00:00,DK2,DK1,R16,Preliminary,Solar,1,0.003522,0.0
851,2023-01-01T07:00:00,2023-01-01T08:00:00,DK2,DK1,R17,Preliminary,Waste,590,1.305381,362.230986
852,2023-01-01T07:00:00,2023-01-01T08:00:00,DK2,DK1,R18,Preliminary,WindOffshore,2642,5.841562,0.0
853,2023-01-01T07:00:00,2023-01-01T08:00:00,DK2,DK1,R19,Preliminary,WindOnshore,14617,32.308189,0.0
854,2023-01-01T07:00:00,2023-01-01T08:00:00,DK2,DK2,R01-1,Preliminary,BioGas,4350,9.615905,0.0
855,2023-01-01T07:00:00,2023-01-01T08:00:00,DK2,DK2,R01-2,Preliminary,Straw,9208,20.35265,0.0
856,2023-01-01T07:00:00,2023-01-01T08:00:00,DK2,DK2,R01-3,Preliminary,Wood,73854,163.234845,0.0
857,2023-01-01T07:00:00,2023-01-01T08:00:00,DK2,DK2,R04x,Preliminary,FossilGas,1067,2.35987,978.912678
858,2023-01-01T07:00:00,2023-01-01T08:00:00,DK2,DK2,R05x,Preliminary,Coal,2,0.004766,3.321519
859,2023-01-01T07:00:00,2023-01-01T08:00:00,DK2,DK2,R06x,Preliminary,Fossil Oil,286,0.63249,375.974811
860,2023-01-01T07:00:00,2023-01-01T08:00:00,DK2,DK2,R16,Preliminary,Solar,46,0.10345,0.0
861,2023-01-01T07:00:00,2023-01-01T08:00:00,DK2,DK2,R17,Preliminary,Waste,26786,59.204125,21554.378015
862,2023-01-01T07:00:00,2023-01-01T08:00:00,DK2,DK2,R18,Preliminary,WindOffshore,431329,953.328825,0.0
863,2023-01-01T07:00:00,2023-01-01T08:00:00,DK2,DK2,R19,Preliminary,WindOnshore,225948,499.394048,0.0
864,2023-01-01T07:00:00,2023-01-01T08:00:00,DK2,GE,R01,Preliminary,Biomass,17675,39.066363,0.0
865,2023-01-01T07:00:00,2023-01-01T08:00:00,DK2,GE,R02,Preliminary,Brown coal,14834,32.787877,30703.600578
866,2023-01-01T07:00:00,2023-01-01T08:00:00,DK2,GE,R04x,Preliminary,Fossil gas,8933,19.744124,10917.457071
867,2023-01-01T07:00:00,2023-01-01T08:00:00,DK2,GE,R05x,Preliminary,Coal,7976,17.630381,16509.644255
868,2023-01-01T07:00:00,2023-01-01T08:00:00,DK2,GE,R06x,Preliminary,Fossil oil a.o.,766,1.694024,1336.582791
869,2023-01-01T07:00:00,2023-01-01T08:00:00,DK2,GE,R11x,Preliminary,Hydro,18683,41.294768,
870,2023-01-01T07:00:00,2023-01-01T08:00:00,DK2,GE,R14,Preliminary,Nuclear,9642,21.312662,
871,2023-01-01T07:00:00,2023-01-01T08:00:00,DK2,GE,R15x,Preliminary,Other renewable,505,1.116367,
872,2023-01-01T07:00:00,2023-01-01T08:00:00,DK2,GE,R16,Preliminary,Solar,2119,4.683981,
873,2023-01-01T07:00:00,2023-01-01T08:00:00,DK2,GE,R17,Preliminary,Waste,2847,6.293629,2666.339835
874,2023-01-01T07:00:00,2023-01-01T08:00:00,DK2,GE,R18,Preliminary,Offshore,12206,26.978876,
875,2023-01-01T07:00:00,2023-01-01T08:00:00,DK2,GE,R19,Preliminary,Onshore,103440,228.625947,
876,2023-01-01T07:00:00,2023-01-01T08:00:00,DK2,NL,R01,Preliminary,Biomass,28,0.063772,0.0
877,2023-01-01T07:00:00,2023-01-01T08:00:00,DK2,NL,R04x,Preliminary,Fossil gas,737,1.630893,930.457414
878,2023-01-01T07:00:00,2023-01-01T08:00:00,DK2,NL,R05x,Preliminary,Coal,850,1.879459,1815.917524
879,2023-01-01T07:00:00,2023-01-01T08:00:00,DK2,NL,R06x,Preliminary,Fossil oil a.o.,2165,4.78579,3895.985151
880,2023-01-01T07:00:00,2023-01-01T08:00:00,DK2,NL,R14,Preliminary,Nuclear,318,0.704389,
881,2023-01-01T07:00:00,2023-01-01T08:00:00,DK2,NL,R16,Preliminary,Solar,1,0.002899,
882,2023-01-01T07:00:00,2023-01-01T08:00:00,DK2,NL,R17,Preliminary,Waste,270,0.598948,261.81291
883,2023-01-01T07:00:00,2023-01-01T08:00:00,DK2,NL,R18,Preliminary,Offshore,1266,2.798716,
884,2023-01-01T07:00:00,2023-01-01T08:00:00,DK2,NL,R19,Preliminary,Onshore,1187,2.62443,
885,2023-01-01T06:00:00,2023-01-01T07:00:00,DK1,DK1,R01-1,Preliminary,BioGas,11825,52.132966,0.0
886,2023-01-01T06:00:00,2023-01-01T07:00:00,DK1,DK1,R01-2,Preliminary,Straw,1921,8.46957,0.0
887,2023-01-01T06:00:00,2023-01-01T07:00:00,DK1,DK1,R01-3,Preliminary,Wood,14893,65.659386,0.0
888,2023-01-01T06:00:00,2023-01-01T07:00:00,DK1,DK1,R04x,Preliminary,FossilGas,3751,16.536597,8537.768957
889,2023-01-01T06:00:00,2023-01-01T07:00:00,DK1,DK1,R05x,Preliminary,Coal,28440,125.379425,86578.449306
890,2023-01-01T06:00:00,2023-01-01T07:00:00,DK1,DK1,R06x,Preliminary,Fossil Oil,631,2.784709,1912.076504
891,2023-01-01T06:00:00,2023-01-01T07:00:00,DK1,DK1,R11x,Preliminary,Hydro,650,2.869491,0.0
892,2023-01-01T06:00:00,2023-01-01T07:00:00,DK1,DK1,R16,Preliminary,Solar,29,0.128622,0.0
893,2023-01-01T06:00:00,2023-01-01T07:00:00,DK1,DK1,R17,Preliminary,Waste,13755,60.640072,17184.568889
894,2023-01-01T06:00:00,2023-01-01T07:00:00,DK1,DK1,R18,Preliminary,WindOffshore,34104,150.348024,0.0
895,2023-01-01T06:00:00,2023-01-01T07:00:00,DK1,DK1,R19,Preliminary,WindOnshore,241260,1063.591244,0.0
896,2023-01-01T06:00:00,2023-01-01T07:00:00,DK1,GE,R01,Preliminary,Biomass,44564,196.46241,0.0
897,2023-01-01T06:00:00,2023-01-01T07:00:00,DK1,GE,R02,Preliminary,Brown coal,38218,168.48745,157776.955157
898,2023-01-01T06:00:00,2023-01-01T07:00:00,DK1,GE,R04x,Preliminary,Fossil gas,22813,100.573434,55611.793523
899,2023-01-01T06:00:00,2023-01-01T07:00:00,DK1,GE,R05x,Preliminary,Coal,20264,89.335083,83656.184994
900,2023-01-01T06:00:00,2023-01-01T07:00:00,DK1,GE,R06x,Preliminary,Fossil oil a.o.,1953,8.610212,6793.447141
901,2023-01-01T06:00:00,2023-01-01T07:00:00,DK1,GE,R11x,Preliminary,Hydro,55198,243.340228,
902,2023-01-01T06:00:00,2023-01-01T07:00:00,DK1,GE,R14,Preliminary,Nuclear,24587,108.391912,
903,2023-01-01T06:00:00,2023-01-01T07:00:00,DK1,GE,R15x,Preliminary,Other renewable,1287,5.674154,
904,2023-01-01T06:00:00,2023-01-01T07:00:00,DK1,GE,R17,Preliminary,Waste,7138,31.471806,13333.251064
905,2023-01-01T06:00:00,2023-01-01T07:00:00,DK1,GE,R18,Preliminary,Offshore,34719,153.059465,
906,2023-01-01T06:00:00,2023-01-01T07:00:00,DK1,GE,R19,Preliminary,Onshore,270615,1193.003823,
907,2023-01-01T06:00:00,2023-01-01T07:00:00,DK1,NL,R01,Preliminary,Biomass,571,2.519478,0.0
908,2023-01-01T06:00:00,2023-01-01T07:00:00,DK1,NL,R04x,Preliminary,Fossil gas,14039,61.89086,35309.975907
909,2023-01-01T06:00:00,2023-01-01T07:00:00,DK1,NL,R05x,Preliminary,Coal,16848,74.274724,71763.621186
910,2023-01-01T06:00:00,2023-01-01T07:00:00,DK1,NL,R06x,Preliminary,Fossil oil a.o.,40799,179.864966,146423.316641
911,2023-01-01T06:00:00,2023-01-01T07:00:00,DK1,NL,R14,Preliminary,Nuclear,6276,27.671536,
912,2023-01-01T06:00:00,2023-01-01T07:00:00,DK1,NL,R16,Preliminary,Solar,25,0.113873,
913,2023-01-01T06:00:00,2023-01-01T07:00:00,DK1,NL,R17,Preliminary,Waste,5366,23.657455,10341.170577
914,2023-01-01T06:00:00,2023-01-01T07:00:00,DK1,NL,R18,Preliminary,Offshore,21533,94.92873,
915,2023-01-01T06:00:00,2023-01-01T07:00:00,DK1,NL,R19,Preliminary,Onshore,21914,96.608384,
916,2023-01-01T06:00:00,2023-01-01T07:00:00,DK2,DK1,R01-1,Preliminary,BioGas,1449,2.969411,0.0
917,2023-01-01T06:00:00,2023-01-01T07:00:00,DK2,DK1,R01-2,Preliminary,Straw,235,0.482413,0.0
918,2023-01-01T06:00:00,2023-01-01T07:00:00,DK2,DK1,R01-3,Preliminary,Wood,1825,3.739854,0.0
919,2023-01-01T06:00:00,2023-01-01T07:00:00,DK2,DK1,R04x,Preliminary,FossilGas,459,0.941898,486.297711
920,2023-01-01T06:00:00,2023-01-01T07:00:00,DK2,DK1,R05x,Preliminary,Coal,3485,7.141412,4931.370471
921,2023-01-01T06:00:00,2023-01-01T07:00:00,DK2,DK1,R06x,Preliminary,Fossil Oil,77,0.158613,108.90883
922,2023-01-01T06:00:00,2023-01-01T07:00:00,DK2,DK1,R11x,Preliminary,Hydro,79,0.163442,0.0
923,2023-01-01T06:00:00,2023-01-01T07:00:00,DK2,DK1,R16,Preliminary,Solar,3,0.007326,0.0
924,2023-01-01T06:00:00,2023-01-01T07:00:00,DK2,DK1,R17,Preliminary,Waste,1685,3.453962,978.805653
925,2023-01-01T06:00:00,2023-01-01T07:00:00,DK2,DK1,R18,Preliminary,WindOffshore,4179,8.563584,0.0
926,2023-01-01T06:00:00,2023-01-01T07:00:00,DK2,DK1,R19,Preliminary,WindOnshore,29567,60.580462,0.0
927,2023-01-01T06:00:00,2023-01-01T07:00:00,DK2,DK2,R01-1,Preliminary,BioGas,4870,9.978805,0.0
928,2023-01-01T06:00:00,2023-01-01T07:00:00,DK2,DK2,R01-2,Preliminary,Straw,9907,20.299249,0.0
929,2023-01-01T06:00:00,2023-01-01T07:00:00,DK2,DK2,R01-3,Preliminary,Wood,79386,162.656265,0.0
930,2023-01-01T06:00:00,2023-01-01T07:00:00,DK2,DK2,R04x,Preliminary,FossilGas,1134,2.325247,964.341375
931,2023-01-01T06:00:00,2023-01-01T07:00:00,DK2,DK2,R05x,Preliminary,Coal,2,0.004701,3.276019
932,2023-01-01T06:00:00,2023-01-01T07:00:00,DK2,DK2,R06x,Preliminary,Fossil Oil,321,0.658141,392.231324
933,2023-01-01T06:00:00,2023-01-01T07:00:00,DK2,DK2,R16,Preliminary,Solar,33,0.068845,0.0
934,2023-01-01T06:00:00,2023-01-01T07:00:00,DK2,DK2,R17,Preliminary,Waste,29042,59.504355,21661.896816
935,2023-01-01T06:00:00,2023-01-01T07:00:00,DK2,DK2,R18,Preliminary,WindOffshore,394628,808.556322,0.0
936,2023-01-01T06:00:00,2023-01-01T07:00:00,DK2,DK2,R19,Preliminary,WindOnshore,240354,492.463499,0.0
937,2023-01-01T06:00:00,2023-01-01T07:00:00,DK2,GE,R01,Preliminary,Biomass,15527,31.815059,0.0
938,2023-01-01T06:00:00,2023-01-01T07:00:00,DK2,GE,R02,Preliminary,Brown coal,13316,27.284803,25550.348949
939,2023-01-01T06:00:00,2023-01-01T07:00:00,DK2,GE,R04x,Preliminary,Fossil gas,7949,16.286829,9005.755808
940,2023-01-01T06:00:00,2023-01-01T07:00:00,DK2,GE,R05x,Preliminary,Coal,7060,14.466894,13547.255467
941,2023-01-01T06:00:00,2023-01-01T07:00:00,DK2,GE,R06x,Preliminary,Fossil oil a.o.,680,1.394335,1100.128627
942,2023-01-01T06:00:00,2023-01-01T07:00:00,DK2,GE,R11x,Preliminary,Hydro,19232,39.406438,
943,2023-01-01T06:00:00,2023-01-01T07:00:00,DK2,GE,R14,Preliminary,Nuclear,8566,17.552951,
944,2023-01-01T06:00:00,2023-01-01T07:00:00,DK2,GE,R15x,Preliminary,Other renewable,448,0.918871,
945,2023-01-01T06:00:00,2023-01-01T07:00:00,DK2,GE,R17,Preliminary,Waste,2487,5.096534,2159.182353
946,2023-01-01T06:00:00,2023-01-01T07:00:00,DK2,GE,R18,Preliminary,Offshore,12097,24.7864,
947,2023-01-01T06:00:00,2023-01-01T07:00:00,DK2,GE,R19,Preliminary,Onshore,94291,193.194652,
948,2023-01-01T06:00:00,2023-01-01T07:00:00,DK2,NL,R01,Preliminary,Biomass,70,0.143505,0.0
949,2023-01-01T06:00:00,2023-01-01T07:00:00,DK2,NL,R04x,Preliminary,Fossil gas,1720,3.525205,2011.199961
950,2023-01-01T06:00:00,2023-01-01T07:00:00,DK2,NL,R05x,Preliminary,Coal,2064,4.23057,4087.541507
951,2023-01-01T06:00:00,2023-01-01T07:00:00,DK2,NL,R06x,Preliminary,Fossil oil a.o.,5000,10.244822,8340.03879
952,2023-01-01T06:00:00,2023-01-01T07:00:00,DK2,NL,R14,Preliminary,Nuclear,769,1.576127,
953,2023-01-01T06:00:00,2023-01-01T07:00:00,DK2,NL,R16,Preliminary,Solar,3,0.006486,
954,2023-01-01T06:00:00,2023-01-01T07:00:00,DK2,NL,R17,Preliminary,Waste,657,1.347491,589.016597
955,2023-01-01T06:00:00,2023-01-01T07:00:00,DK2,NL,R18,Preliminary,Offshore,2638,5.406989,
956,2023-01-01T06:00:00,2023-01-01T07:00:00,DK2,NL,R19,Preliminary,Onshore,2685,5.50266,
957,2023-01-01T05:00:00,2023-01-01T06:00:00,DK1,DK1,R01-1,Preliminary,BioGas,11996,51.328102,0.0
958,2023-01-01T05:00:00,2023-01-01T06:00:00,DK1,DK1,R01-2,Preliminary,Straw,2610,11.167215,0.0
959,2023-01-01T05:00:00,2023-01-01T06:00:00,DK1,DK1,R01-3,Preliminary,Wood,26589,113.763411,0.0
960,2023-01-01T05:00:00,2023-01-01T06:00:00,DK1,DK1,R04x,Preliminary,FossilGas,3790,16.216,8415.646023
961,2023-01-01T05:00:00,2023-01-01T06:00:00,DK1,DK1,R05x,Preliminary,Coal,35960,153.857927,107561.428639
962,2023-01-01T05:00:00,2023-01-01T06:00:00,DK1,DK1,R06x,Preliminary,Fossil Oil,1156,4.949268,3258.059733
963,2023-01-01T05:00:00,2023-01-01T06:00:00,DK1,DK1,R11x,Preliminary,Hydro,670,2.87055,0.0
964,2023-01-01T05:00:00,2023-01-01T06:00:00,DK1,DK1,R16,Preliminary,Solar,27,0.119093,0.0
965,2023-01-01T05:00:00,2023-01-01T06:00:00,DK1,DK1,R17,Preliminary,Waste,13238,56.640304,16025.262369
966,2023-01-01T05:00:00,2023-01-01T06:00:00,DK1,DK1,R18,Preliminary,WindOffshore,17398,74.437231,0.0
967,2023-01-01T05:00:00,2023-01-01T06:00:00,DK1,DK1,R19,Preliminary,WindOnshore,193862,829.438569,0.0
968,2023-01-01T05:00:00,2023-01-01T06:00:00,DK1,GE,R01,Preliminary,Biomass,44718,191.325504,0.0
969,2023-01-01T05:00:00,2023-01-01T06:00:00,DK1,GE,R02,Preliminary,Brown coal,38569,165.0196,154529.550598
970,2023-01-01T05:00:00,2023-01-01T06:00:00,DK1,GE,R04x,Preliminary,Fossil gas,23188,99.211443,54858.68464
971,2023-01-01T05:00:00,2023-01-01T06:00:00,DK1,GE,R05x,Preliminary,Coal,20626,88.250655,82640.693347
972,2023-01-01T05:00:00,2023-01-01T06:00:00,DK1,GE,R06x,Preliminary,Fossil oil a.o.,1983,8.486481,6695.824054
973,2023-01-01T05:00:00,2023-01-01T06:00:00,DK1,GE,R11x,Preliminary,Hydro,67784,290.016047,
974,2023-01-01T05:00:00,2023-01-01T06:00:00,DK1,GE,R14,Preliminary,Nuclear,25002,106.970815,
975,2023-01-01T05:00:00,2023-01-01T06:00:00,DK1,GE,R15x,Preliminary,Other renewable,1306,5.58891,
976,2023-01-01T05:00:00,2023-01-01T06:00:00,DK1,GE,R17,Preliminary,Waste,7228,30.928958,13103.269386
977,2023-01-01T05:00:00,2023-01-01T06:00:00,DK1,GE,R18,Preliminary,Offshore,33161,141.882574,
978,2023-01-01T05:00:00,2023-01-01T06:00:00,DK1,GE,R19,Preliminary,Onshore,270111,1155.66899,
979,2023-01-01T05:00:00,2023-01-01T06:00:00,DK1,NL,R01,Preliminary,Biomass,739,3.162457,0.0
980,2023-01-01T05:00:00,2023-01-01T06:00:00,DK1,NL,R04x,Preliminary,Fossil gas,17563,75.143501,42870.873443
981,2023-01-01T05:00:00,2023-01-01T06:00:00,DK1,NL,R05x,Preliminary,Coal,21037,90.007053,86964.066399
982,2023-01-01T05:00:00,2023-01-01T06:00:00,DK1,NL,R06x,Preliminary,Fossil oil a.o.,54771,234.338094,190768.451069
983,2023-01-01T05:00:00,2023-01-01T06:00:00,DK1,NL,R14,Preliminary,Nuclear,7966,34.084263,
984,2023-01-01T05:00:00,2023-01-01T06:00:00,DK1,NL,R16,Preliminary,Solar,32,0.140554,
985,2023-01-01T05:00:00,2023-01-01T06:00:00,DK1,NL,R17,Preliminary,Waste,6681,28.585103,12495.148612
986,2023-01-01T05:00:00,2023-01-01T06:00:00,DK1,NL,R18,Preliminary,Offshore,20330,86.985149,
987,2023-01-01T05:00:00,2023-01-01T06:00:00,DK1,NL,R19,Preliminary,Onshore,29894,127.903834,
988,2023-01-01T05:00:00,2023-01-01T06:00:00,DK2,DK1,R01-1,Preliminary,BioGas,546,1.029324,0.0
989,2023-01-01T05:00:00,2023-01-01T06:00:00,DK2,DK1,R01-2,Preliminary,Straw,118,0.223945,0.0
990,2023-01-01T05:00:00,2023-01-01T06:00:00,DK2,DK1,R01-3,Preliminary,Wood,1210,2.28139,0.0
991,2023-01-01T05:00:00,2023-01-01T06:00:00,DK2,DK1,R04x,Preliminary,FossilGas,172,0.325193,168.765809
992,2023-01-01T05:00:00,2023-01-01T06:00:00,DK2,DK1,R05x,Preliminary,Coal,1636,3.085438,2157.016996
993,2023-01-01T05:00:00,2023-01-01T06:00:00,DK2,DK1,R06x,Preliminary,Fossil Oil,52,0.099252,65.336527
994,2023-01-01T05:00:00,2023-01-01T06:00:00,DK2,DK1,R11x,Preliminary,Hydro,30,0.057565,0.0
995,2023-01-01T05:00:00,2023-01-01T06:00:00,DK2,DK1,R16,Preliminary,Solar,1,0.002388,0.0
996,2023-01-01T05:00:00,2023-01-01T06:00:00,DK2,DK1,R17,Preliminary,Waste,602,1.135854,321.367648
997,2023-01-01T05:00:00,2023-01-01T06:00:00,DK2,DK1,R18,Preliminary,WindOffshore,791,1.49275,0.0
998,2023-01-01T05:00:00,2023-01-01T06:00:00,DK2,DK1,R19,Preliminary,WindOnshore,8824,16.633408,0.0
999,2023-01-01T05:00:00,2023-01-01T06:00:00,DK2,DK2,R01-1,Preliminary,BioGas,5202,9.807069,0.0
